kind,source_image,segment,fraction,s_normalized,energy_relative_PO_meV_fu,raw_log_sha256
original_band_sample,0,,,0.0,0.0,7fbc15372a83080085735f740cedc42f02475b7ec826f1c3e9ba8cf8e270841b
original_band_sample,1,,,0.11957997344002445,1.9001848249899922,0bdd58c1a1e41ca9401442e4e46e07e447e00d8fafb918900357a05b6a9b9c38
original_band_sample,2,,,0.22579197086715405,26.579667011446872,1f6b00d773095e91dbcf755ded680cc10049aabfc5ce3493fd4a8ad6f0678d51
original_band_sample,3,,,0.34411579567331335,32.806023216835456,32508fbc87b7a9beea4222ccbce7522d2270e154eb679a2df250ebdf98238082
original_band_sample,4,,,0.500000074092116,-14.838200784197397,45af952808b452ff90036711d58152cac30874a397d24c61c05cadb9b5fc0f11
original_band_sample,5,,,0.6558840439475369,32.80595847490986,38af36af35311b41edc416ad2fa67ae745337a8ff782561890859379918d2fde
original_band_sample,6,,,0.7742080550300803,26.57968039784464,386805adf13f79008f465bf8e70a788a1f6b25a0d404e3b1cc2e8544e87c3838
original_band_sample,7,,,0.8804200268011342,1.9001851756001997,e6b08011cb394c004895c3987060fadedbd006dc3ce5501beb0c7db35bd37837
original_band_sample,8,,,1.0,-2.2737367544323206e-09,1cae09706663dc444402ae3a2031fc04b63d8aadb79300fb9de327c902d32f82
new_linear_reconstruction_static,,2->3,0.25,0.25537292706869386,34.437958654052636,d34f1c7d0eeaafef21763ee6392fb83a9cd3acae5fe1895a1c3658dc64fa8d73
new_linear_reconstruction_static,,2->3,0.5,0.2849538832702337,38.5084306490171,b239dd47c4f3ebac451071f87e54cdffba58cddc631cc92f6d7b04870663219d
new_linear_reconstruction_static,,2->3,0.75,0.3145348394717735,37.90677775623408,fba50caa9525c65d02ec6210e8fedb2f52cd6fdc3dec19f0d76a26dc7a785694
new_linear_reconstruction_static,,5->6,0.25,0.6854650467181727,37.90676168182472,b1982d6252f5e19eda5117fd9cb6238c26d5cbfda4d3a3c9bfef768190147304
new_linear_reconstruction_static,,5->6,0.5,0.7150460494888086,38.50844808448528,c017213b1bdd53e2e388eaab874082d43732e67bbea5ec2eae10440b42c7db85
new_linear_reconstruction_static,,5->6,0.75,0.7446270522594445,34.437982892541186,72faf29a4f44b9be86e2f60dd24667ebdc78f1f6669b29d396cfbae4c1f8d680
