channel,image,s_normalized,P_modern_SI_C_m2,physical_quantum_C_m2,reported_reduced,conditional_lift_reduced,explicit_branch_integer,224_to_228_change_mC_m2
preserving,0,0.0,0.7158143251611185,0.6024590557369798,1.1881543124710323,1.1881543124710323,0,0.5268963974417451
preserving,1,0.11957997344002445,0.7504472804063795,0.6004641248186424,1.2497787118140262,1.2497787118140262,0,0.5613222969138576
preserving,2,0.22579197086715405,-0.309155285314351,0.590121190496368,-0.5238843991592838,1.4761155656167473,1,0.6376797425450276
preserving,3,0.34411579567331335,-0.14694495039037772,0.5764953232065458,-0.25489356890711584,1.7451063958689152,1,0.45874512552201985
preserving,4,0.500000074092116,2.101581072417589e-06,0.566722548497287,3.708306786080966e-06,2.000003673082817,1,0.0
preserving,5,0.6558840439475369,0.14694384956219692,0.5764953074285253,0.2548916663652379,2.2548916311412692,1,0.4586450502328254
preserving,6,0.7742080550300803,0.3091551852390618,0.5901211864799996,0.5238842331405428,2.523884197916574,1,0.6375796672558609
preserving,7,0.8804200268011342,-0.7504472804063795,0.6004641245454124,-1.2497787123827147,2.7502212171693476,2,0.5613222969138576
preserving,8,1.0,-0.7158143251611185,0.6024590557369879,-1.1881543124710163,2.8118456170810457,2,0.5268963974417451
reversing,0,0.0,0.7158143251611185,0.6024590557369798,1.1881543124710323,1.1881543124710323,0,0.5268963974417451
reversing,1,0.13651383860335262,0.7275811776608737,0.6036848104037202,1.2052335343244707,1.2052335343244707,0,0.5700288470710246
reversing,2,0.274414882592179,-0.4119541234716574,0.6057550689192692,-0.6800671502536939,1.3199328145223372,1,0.8384307726054807
reversing,3,0.3909626101935318,-0.23356451647345436,0.6038735613345269,-0.38677718553746554,1.6132227792385656,1,0.7602719717693385
reversing,4,0.5000000110336613,0.0,0.6024247900885307,0.0,1.9999999647760311,1,0.0
reversing,5,0.609037411873839,0.23356451647345436,0.6038735613344737,0.38677718553749957,2.386777150313531,1,0.7602719717693385
reversing,6,0.725585139475269,0.4119541234716574,0.6057550689192093,0.6800671502537612,2.680067115029792,1,0.8384307726054807
reversing,7,0.8634861841184772,-0.727581377811452,0.6036848137543807,-1.2052338591831477,2.7947660703689143,2,0.5700288470710246
reversing,8,1.0,-0.7158143251611185,0.6024590557369879,-1.1881543124710163,2.8118456170810457,2,0.5268963974417451
