Qz_sqrt_amu_A,Qx_sqrt_amu_A,E_minus_C_eV_per_BTO,restricted_gradient_eV_per_sqrt_amu_A,maximum_absolute_stress_kbar,Qy_sqrt_amu_A,role,source_class,provenance_sha256
0.0,0.0,4.2140982259297743e-08,0.00010423447995440718,0.09073832034757415,0.0,grid_node,new_raw_audited_Qy0_pilot,8916f75827a40061cb82a291443e48b5634fb68298c7532b701d1b20cfd1ba50
0.0,0.3,-0.013725301465001394,0.00084590865416764,0.5356402072130283,-7.200210603129088e-19,grid_node,new_raw_audited_Qy0_pilot,bb6dcd09b9e9daa47a4cac748ca0df51bd7f7b76d9274f161c86229214541de0
0.3,0.0,-0.013735697024912952,0.0008403818599452801,0.5436260781788222,1.2432687665811163e-18,grid_node,new_raw_audited_Qy0_pilot,24cc7a026dca36700b356a90e1577da6d1eb8f3c5de6a43aa2775fb647cb0ac1
0.3,0.3,-0.026371803087840817,0.0008618161459475368,0.31064211195931574,3.011227398861129e-19,grid_node,new_raw_audited_Qy0_pilot,6ce52295156a45c2e9f31a3e87f02849d07a7b218aacad772366b65496a9521b
0.6,0.0,-0.04473225515403101,0.001200354073913206,0.2193751488,1.6632988536577637e-15,grid_node,archived_raw_audited_Qy0_branch,1fb8fc142c97e4f2e0e846b99e6efb8cbc0cb07b19eafb22f4687ce8bc714cae
0.6,0.3,-0.05498385992177646,0.0017914945318011338,0.2979535085,1.4109118242063881e-15,grid_node,archived_raw_audited_Qy0_branch,d763bc62bac15f8e6b0e7e938145f36d785241603a7851d01d835234f742a0de
0.75,0.15,-0.06304741803842262,0.002191800883805862,0.2743428211,9.690900933925424e-16,independent_cell_center_holdout,archived_raw_audited_Qy0_branch,9bdf374b8164cdae38897289f8b27e7e44aeeb4189c043aa8759a4d1b8bbaa3d
0.9,0.0,-0.07409737117268378,0.0026667756671412417,0.5315371027,-1.9962581334930916e-16,grid_node,archived_raw_audited_Qy0_branch,fafcd095703ab0d46c4d70906316d07e381aad5083c7900286f3c4c7af336a97
0.9,0.3,-0.0816209936647283,0.0017396489810112734,0.3793827909,-5.21025719681105e-16,grid_node,archived_raw_audited_Qy0_branch,6f6d8408030cbe73d0f20a549a03c8bb56822635cb5a7147bb3afdbd713b5e0f
1.2,0.3,-0.09213884048676846,0.002796495293544616,0.4205031941644383,1.9195777960623542e-17,grid_node,new_raw_audited_Qy0_pilot,0aab778d111913404f28cd485cc467684b737e96b7c27510af660af5fb811c03
