record,q_parallel_sqrt_amu_A,q_transverse_sqrt_amu_A,E_minus_C_eV_per_BTO,VCNEB_E_minus_T_eV_per_BTO,VCNEB_offplane_atomic_residual_sqrt_amu_A
frozen_DFT,-1.2,-0.6,0.0588663140947574,,
frozen_DFT,-0.6,-0.6,-0.06118135325505136,,
frozen_DFT,0.0,-0.6,-0.03652762770298068,,
frozen_DFT,0.6,-0.6,-0.06117359444488102,,
frozen_DFT,1.2,-0.6,0.058884716535430925,,
frozen_DFT,-1.2,-0.3,0.05903754439304976,,
frozen_DFT,-0.6,-0.3,-0.046297893643895804,,
frozen_DFT,0.0,-0.3,-0.013247701148884516,,
frozen_DFT,0.6,-0.3,-0.04628813876934146,,
frozen_DFT,1.2,-0.3,0.05901823223211977,,
frozen_DFT,-1.2,0.0,0.06309833451177838,,
frozen_DFT,-0.6,0.0,-0.03651884980899922,,
frozen_DFT,0.0,0.0,0.0,,
frozen_DFT,0.6,0.0,-0.03651569316707537,,
frozen_DFT,1.2,0.0,0.06304430700538433,,
frozen_DFT,-1.2,0.3,0.059037544396687736,,
frozen_DFT,-0.6,0.3,-0.04629789364435055,,
frozen_DFT,0.0,0.3,-0.013249919979443803,,
frozen_DFT,0.6,0.3,-0.046288138769796205,,
frozen_DFT,1.2,0.3,0.05901823223211977,,
frozen_DFT,-1.2,0.6,0.05886631409293841,,
frozen_DFT,-0.6,0.6,-0.061181353252777626,,
frozen_DFT,0.0,0.6,-0.03652500245607371,,
frozen_DFT,0.6,0.6,-0.06117359435893377,,
frozen_DFT,1.2,0.6,0.058884716535430925,,
frozen_DFT,-0.9,-0.45,-0.04191164886697152,,
frozen_DFT,-0.3,-0.45,-0.03683939771781297,,
frozen_DFT,0.3,-0.45,-0.03684537508070207,,
frozen_DFT,0.9,-0.45,-0.04192414973567793,,
frozen_DFT,-0.9,-0.15,-0.03155541930482286,,
frozen_DFT,-0.3,-0.15,-0.01656789898788702,,
frozen_DFT,0.3,-0.15,-0.0165591435402348,,
frozen_DFT,0.9,-0.15,-0.031566232008572115,,
frozen_DFT,-0.9,0.15,-0.03155541930755135,,
frozen_DFT,-0.3,0.15,-0.016567898985613283,,
frozen_DFT,0.3,0.15,-0.01655914353841581,,
frozen_DFT,0.9,0.15,-0.031566232008572115,,
frozen_DFT,-0.9,0.45,-0.041911648869245255,,
frozen_DFT,-0.3,0.45,-0.036839397711901256,,
frozen_DFT,0.3,0.45,-0.03684537507842833,,
frozen_DFT,0.9,0.45,-0.041924149734768434,,
frozen_DFT,-0.9,-0.6,-0.04401332550105508,,
frozen_DFT,0.9,-0.6,-0.04399308807160196,,
frozen_DFT,-1.2,-0.45,0.05685647518521364,,
frozen_DFT,-0.6,-0.45,-0.05500520719351698,,
frozen_DFT,0.6,-0.45,-0.05499037620529634,,
frozen_DFT,1.2,-0.45,0.05685875680455865,,
frozen_DFT,-0.9,-0.3,-0.036495245820788114,,
frozen_DFT,0.9,-0.3,-0.03649698130448087,,
frozen_DFT,-0.9,0.0,-0.029632616862272698,,
frozen_DFT,0.9,0.0,-0.029618513303830696,,
frozen_DFT,-0.9,0.3,-0.03649524581851438,,
frozen_DFT,0.9,0.3,-0.036496981305390364,,
frozen_DFT,-1.2,0.45,0.05685647518475889,,
frozen_DFT,-0.6,0.45,-0.05500520719488122,,
frozen_DFT,0.6,0.45,-0.05499037620757008,,
frozen_DFT,1.2,0.45,0.05685875680637764,,
frozen_DFT,-0.9,0.6,-0.04401332550196457,,
frozen_DFT,0.9,0.6,-0.04399308806841873,,
frozen_DFT,-0.3,-0.6,-0.046300026769131364,,
frozen_DFT,0.3,-0.6,-0.04628598711497034,,
frozen_DFT,0.0,-0.45,-0.025749991411885276,,
frozen_DFT,-0.3,-0.3,-0.02544614844600801,,
frozen_DFT,0.3,-0.3,-0.025438548828788043,,
frozen_DFT,-1.2,-0.15,0.061858975435825414,,
frozen_DFT,-0.6,-0.15,-0.039202033647598,,
frozen_DFT,0.0,-0.15,-0.0036100580359743617,,
frozen_DFT,0.6,-0.15,-0.03921206255427023,,
frozen_DFT,1.2,-0.15,0.06186641324939046,,
frozen_DFT,-0.3,0.0,-0.013231636488853837,,
frozen_DFT,0.3,0.0,-0.01324945049282178,,
frozen_DFT,-1.2,0.15,0.06185897543491592,,
frozen_DFT,-0.6,0.15,-0.03920203364714325,,
frozen_DFT,0.0,0.15,-0.0036123098748248594,,
frozen_DFT,0.6,0.15,-0.03921206255517973,,
frozen_DFT,1.2,0.15,0.06186641324757147,,
frozen_DFT,-0.3,0.3,-0.025446148503306176,,
frozen_DFT,0.3,0.3,-0.025438548771944625,,
frozen_DFT,0.0,0.45,-0.025749093797912792,,
frozen_DFT,-0.3,0.6,-0.046300026770495606,,
frozen_DFT,0.3,0.6,-0.04628598711633458,,
VCNEB_image,1.2043298776588882,4.652528362569797e-15,,0.0,0.2899619279741698
VCNEB_image,1.1218078743474023,4.642120021713936e-15,,0.0022197999001036806,0.21405177300725453
VCNEB_image,1.0220226725938701,3.4937330806172895e-15,,0.00812320000022737,0.13977245655075957
VCNEB_image,0.8745860771135859,2.3505503099485736e-15,,0.019535600000381237,0.07034500655281152
VCNEB_image,0.6348303040499017,2.3245294578089215e-15,,0.041536700100095914,0.0601475653058777
VCNEB_image,0.3253054318189719,2.2924370735033506e-15,,0.07166490039981,0.0511183441831346
VCNEB_image,-1.232595164407831e-31,1.1305973916688101e-15,,0.0871289016999981,3.0372205254672967e-15
