qz,qx,class,observed_meV_per_BTO,predicted_meV_per_BTO,observed_minus_predicted_meV_per_BTO
0.0,0.0,fit_node,4.2140982259297743e-05,0.0,4.2140982259297743e-05
0.0,0.3,fit_node,-13.725301465001394,-13.466470104344088,-0.2588313606573056
0.3,0.0,fit_node,-13.735697024912952,-13.466470104344088,-0.26922692056886355
0.3,0.3,fit_node,-26.371803087840817,-26.02983279656372,-0.34197029127709655
0.6,0.0,fit_node,-44.73225515403101,-45.01710240392824,0.28484724989723276
0.6,0.3,fit_node,-54.98385992177646,-55.22605687988921,0.24219695811274988
0.75,0.15,retrospective,-63.04741803842262,-63.501955407754984,0.454537369332364
0.9,0.0,fit_node,-74.09737117268378,-74.04989663103412,-0.04747454164966314
0.9,0.3,fit_node,-81.6209936647283,-81.51788414694626,-0.10310951778204469
1.2,0.3,fit_node,-92.13884048676846,-92.1576634941977,0.018823007429247696
0.15,0.15,retrospective,-7.198818402230245,-6.973762439851693,-0.2250559623785522
0.45,0.15,retrospective,-31.294573224386113,-31.16116528704692,-0.13340793733919298
1.05,0.2,retrospective,-86.14209728057176,-85.10181828540928,-1.0402789951624811
0.45,0.25,prospective,-36.446643329327344,-36.2966618383853,-0.1499814909420465
1.05,0.25,prospective,-87.68266700371896,-86.70572237360628,-0.9769446301126834
1.2043298776588882,4.652528362569797e-15,T_endpoint_retrospective,-87.11770755189718,-86.12470622551675,-0.9930013263804369
