sample_group,Q1_sqrt_amu_A,Q2_sqrt_amu_A,E_eV_per_BTO,E_minus_C_eV_per_BTO,max_atomic_force_eV_per_A,source_job_id,source_name,source_structure_sha256,log_sha256
original_25_DFT,-1.2,-0.3,-3737.7635692,0.06060989810021056,2.095148824,27777454,grid-q1-00-q2-00,cd3fd36eeedc3a57577f14a0a1822c8cc3fbc5920a2def49305a15865dd9a709,e26e97270957cc28d90483bdb0bbca95911d54cad9b29e5e2a81ce670c55de94
adaptive_38_DFT,-0.9,-0.3,-3737.8520389999,-0.027859901799729414,0.6580479511,27778242,grid-q1-01-q2-00,a8e109eff44630cacffb17e55e37142d26de3caaede90c0e92ef781196e64b70,ea245833841b490e51e505b2bb98f3184f366cebb7ac32497908d8ac7ba59b72
original_25_DFT,-0.6,-0.3,-3737.8566170998,-0.03243800170002942,0.4466683138,27777454,grid-q1-01-q2-00,289058d4b8f860f4c26b1851a43264c3a7da6324792b7bd0fc15417711c4d77d,11a1c6cb0a2405e73b715d8ba90eae14d675b5df0ee3d34c0a1864c7176f9a10
original_25_DFT,0.0,-0.3,-3737.8190308981,0.005148199999894132,0.2571582384,27777454,grid-q1-02-q2-00,0d777ef7ec71711643c45f56ee4947b5a5ad12b08a983730ac448c4d889e70a2,d6ae25abb28325aeab1d9276ca231efac682b3068be2e472808936497ac11bfc
original_25_DFT,0.6,-0.3,-3737.8546687997,-0.030489701599890395,0.2713088578,27777454,grid-q1-03-q2-00,3ce064777fe1e4e13136ea496ab4b51e77a3d86836a6ccac82253fe97c48ee06,780ad7e3ac8220171195765bd027439e89766c78e90841dd0d34f10ad09e00d6
adaptive_38_DFT,0.9,-0.3,-3737.8455846999,-0.021405601799870055,0.6531346886,27778242,grid-q1-07-q2-00,dac8263edf8170b8533ccf7f8bf9da09d416d5349bbe5a9e9e709dd7a59986a3,7bc1cbe41135d2895aa6a4000613bda7bca7a959602228798cc17f0d1337a641
original_25_DFT,1.2,-0.3,-3737.7489225,0.07525659810016805,2.2398125119,27777454,grid-q1-04-q2-00,0c488594412df9ddc825d85bcbe011c0d78c023fa077e4b72823c77672abb991,fe1c39c06d5d5b42b06da70fa45b1579a68e388f3db06f997d3020fd98b7c761
adaptive_38_DFT,-0.9,-0.225,-3737.8533853999,-0.02920630180005901,0.6581380288,27778121,grid-q1-01-q2-01,fc5b6699cd19143d61c151839181843a7b991015d060fd1f0b3040f5c5d4e60b,c9bf98dc31ab1c098fc253758e082aa11c71db660f79c578ec60d00684433d31
adaptive_38_DFT,-0.3,-0.225,-3737.8346566994,-0.010477601299953676,0.4689029614,27778121,grid-q1-03-q2-01,7466cd40339c2a4f92a602a90a023426b302a44e2668baeffd453c5192e1b56c,3aadffa5db5c04e633d64c76d1ee8e300dbe21ead925b0fc22e417d230b69cbc
adaptive_38_DFT,0.0,-0.225,-3737.8213021981,0.0028769000000465894,0.1926883135,27778334,grid-q1-04-q2-01,0516f0732da0dacd68a875c687e19b0b563bff43561d039e436d6daad5ebdf44,87b5f34252ea9583dbd33ccf2a3c4dfcfbde6f8d68fe75ee163fa7b5a564c1d9
adaptive_38_DFT,0.3,-0.225,-3737.8344285994003,-0.010249501300222619,0.2701320922,27778121,grid-q1-05-q2-01,62ec3c046862d8ffa4565b16ec17607813b7d59356dd314db8a33ecd89c9b869,f3f1cae8fe4b8ec656b1acc9c24fbc9c473f9bef178aa825d7c324a9124cfeb9
adaptive_38_DFT,0.6,-0.225,-3737.8571183997,-0.03293930159998126,0.2086109253,27778334,grid-q1-06-q2-01,b3c296fa3005c059f605c8ec745dfdd88ed157d94f1df5c2bba80ba91a2b6e7b,c92344855f03f9c6b0e2baf5a8efd85c52d848e243907d0e1f6832d35cfceb40
adaptive_38_DFT,0.9,-0.225,-3737.8485575999,-0.024378501799674268,0.6544751513,27778121,grid-q1-07-q2-01,a7843acee4e6dad7c483e19e31c5e8604983d7c8216ed938bf58c28677552e6e,cad3e86cc05d6cac5b7754317e8ee1e079e08b7b36385a2dba879861742dba82
adaptive_38_DFT,1.2,-0.225,-3737.7528442,0.07133489810030369,2.1930959454,27778334,grid-q1-08-q2-01,aadd6ce457cc4c889f80de89c311670d8541598f6dde3a523e7e3a4e9c800091,92a17dff6eea709f0ac071ca9560de28ea7a3c797155171cdeb0ddfea0e463f4
original_25_DFT,-1.2,-0.15,-3737.7635796,0.060599498100145865,2.1088207428,27777454,grid-q1-00-q2-01,02b416ac2eaa70a282690703f08486a5d56c66c741c5104c5279473c53f1c257,8cfc1667397e262f664680b7ef332da5306a213b74896eccd519450333d2ee9c
adaptive_38_DFT,-0.9,-0.15,-3737.8541765999,-0.02999750179969851,0.6580963258,27778242,grid-q1-01-q2-02,9755f11d5d8cf6c6bf8852ab390d98cb5e82d2103eb5b7e3ac0d4cd678b820f3,48574cef2571fc94f06a684c83895c284054d8f9b497b4a25a991e86e0ae5be3
original_25_DFT,-0.6,-0.15,-3737.8599402997997,-0.0357612016996427,0.3727520798,27777454,grid-q1-01-q2-01,806c4e5953bfe2088675e5e490d1d5412aa357915305fda6ad828f958c3ab42c,d7c2240e35fe3325d7b871247460c9aaf071d734bfe63247d02e4d123d4cb7e1
original_25_DFT,0.0,-0.15,-3737.8229283981,0.0012507000001278357,0.1284336626,27777454,grid-q1-02-q2-01,d9e0b4607c25600c78bba665f283c73e0dfe32e23a5fd03242d56142583eb83a,4aab105ef7c142ba984c8f32173d96fde326f66957e791d42305613613014027
original_25_DFT,0.6,-0.15,-3737.8589349998,-0.03475590170000942,0.2267863552,27777454,grid-q1-03-q2-01,b207ab3c35e4523a8066515e9073bc8404afd92e5684fd1ae78c52dc35bcff22,494308b76995de7380341b31c6fcbc313f4844c49814fc4bca25a91bbad52049
adaptive_38_DFT,0.9,-0.15,-3737.8509255999,-0.026746501800062106,0.6555769674,27778242,grid-q1-07-q2-02,0eb50c825f32c40b2aceb1917fa9067a0093e4a4892a3082cbe22f6ca7dfc7a5,98cf72d302c6448a25d3314e2a663856c4f5720aa103e8093f62f268c16db1e3
original_25_DFT,1.2,-0.15,-3737.7562223,0.06795679810011279,2.1460945243,27777454,grid-q1-04-q2-01,44cb51a78d47d3f5766f521843dc8ab7b4e9acb7bf44ae3013030cbb5a5193a6,3e178c8147224fc341372d609ce3bafd326158ffd80ed387a2d108be80d8a7d6
adaptive_38_DFT,-0.9,-0.075,-3737.8542728999,-0.030093801799921494,0.6577919865,27778121,grid-q1-01-q2-03,0a04e5cf976086144a98a3f20e20736dacc60202afad1dafc73b5cde5092851a,86c204b70bb49bc4ab84d1d1749c1d9700e1c52d2ea216878bbbd974b635666c
adaptive_38_DFT,-0.3,-0.075,-3737.8371288994003,-0.012949801300237596,0.4021579147,27778121,grid-q1-03-q2-03,72958ef1d0976281ec3d336b24c0222fcc1dba4f50fbacc8badf5c6af3997b64,48c6939517717c7b56850cb0cccbda42fced065272f01c6ec4591022d636a784
adaptive_38_DFT,0.0,-0.075,-3737.8238836981,0.00029540000014094403,0.0641965529,27778334,grid-q1-04-q2-03,f4d0e9adfe1bf0b0951bf34e56354b8465d2739f3b8f633a7edee6459939f2f0,44cc5322dca435d1eabeecce8b0a845845bf4bf67e55022ffdbe1d8c8e0c3edd
adaptive_38_DFT,0.3,-0.075,-3737.8370843994003,-0.012905301300179417,0.3359241561,27778121,grid-q1-05-q2-03,8d5235d9ad057f235c513372d9e4957ec80b06ba0f563e1bfa9ca467dc160c02,a6a678fa134f17c2aae481bd7b528b35172185cb6a3ae5a2d8f14c67ffd7c306
adaptive_38_DFT,0.6,-0.075,-3737.8601452998,-0.03596620169992093,0.2630885455,27778334,grid-q1-06-q2-03,a1a33d15eaf187b2eaa7adcfaaf2d933f17c7e21476d6e28356a0f1e610fdfda,ae7c02f87b75eb04d1231c4646b08e46dda4e02b542e3899294c792e1cb7d263
adaptive_38_DFT,0.9,-0.075,-3737.8526896999,-0.028510601800007862,0.6564924517,27778121,grid-q1-07-q2-03,72888a076343bf84de1d388e7deebf995fca4bb534cc97fb612cb2b65ecedc3a,f60287cf77aa7aad0ecc6ab9fab8922958475347c4762ca91f85de3315d19f45
adaptive_38_DFT,1.2,-0.075,-3737.7589695,0.06520959809995475,2.1272855817,27778334,grid-q1-08-q2-03,3291fb381a776fbbb2657e44a6f103988f34db110866ba97c33fe6c51588f056,7b7772c13774676a3144223614adce8a86c3eec61fe04ce374388d5be4d5b895
original_25_DFT,-1.2,0.0,-3737.7610807,0.06309839810000994,2.1214241515,27777454,grid-q1-00-q2-02,394888ac15e43d831149914484bc62801dd07fd07e2fe648f98c8a4ef37d5b79,118a78d9ad11a2ee999961c45d8fe04de3f18e5af5a542e3b35e6836a77bbabc
adaptive_38_DFT,-0.9,0.0,-3737.8538116999,-0.029632601799676195,0.6572062446,27778242,grid-q1-01-q2-04,8574af9ff737ebe48fa573b22fd9a8854fbf0823366c181b2f770cb01f2ee068,b7183beffcb62c87e7a5247763f1caa13b12fc730477bcbbf859eb815271e9f3
original_25_DFT,-0.6,0.0,-3737.8606978998,-0.03651880169991273,0.2994863117,27777454,grid-q1-01-q2-02,e6fd87072ffa1cd1194a35afd5c9e89b058f872b97835ff74602481d630da1c3,4a9c585b3a89f520165f1105646c293024998fe6aa411eb299cc43b06cf980d2
original_25_DFT,0.0,0.0,-3737.8241790981,0.0,0.0,27777454,grid-q1-02-q2-02,815398adece9d4ae9738dee0c665e60075497ad75b44807330e99e6e549eab1f,eecbdbb8e72099b40cb6c1a84cf14a75a28a6ed6e16655a7d91b3cad71141fcb
original_25_DFT,0.6,0.0,-3737.8606946997998,-0.03651560169964796,0.2994380529,27777454,grid-q1-03-q2-02,2dc6e848a387fbb7d5b6997e2f9b21b98fe0f28b20414a26053ee6cb790221a4,ac960035876a9961f3978809507f11aaf605a7f172beaf8db0460b052080324b
adaptive_38_DFT,0.9,0.0,-3737.8537975998997,-0.029618501799632213,0.6572089977,27778242,grid-q1-07-q2-04,7dff1ee0dbdf26e38064faa5a5b3a73f9127db50f093dc5fd2b078c8e8f07ae0,42f6d0e0b146b91e1a898c826b3d28db005d81ed2daffa30337b0dea7fbf6970
original_25_DFT,1.2,0.0,-3737.7611347,0.06304439809991891,2.1214053421,27777454,grid-q1-04-q2-02,cb2e8eef85ed15d3922a5e90076c8d628089675c771e93e1d1697c099100c249,03c5e35b6d3dcddba2e3f5d6a9882b82104694c3a8c3a34b80ba29c9da4074f8
adaptive_38_DFT,-0.9,0.075,-3737.8526626999,-0.028483601799962344,0.6565043256,27778121,grid-q1-01-q2-05,74bbccfc37454729450fac4d7abfac568c35ef24580f066e4c3e5404d491990a,51e0e4eae6603fc3bbb57a1872678ffada9c80d3d7631ff5b4cd66048ad4027a
adaptive_38_DFT,-0.3,0.075,-3737.8370750994004,-0.012896001300305215,0.3358609809,27778121,grid-q1-03-q2-05,637fbf2795b5fbace996abcd2f627da4102c26af134850d139bd956482a4a14d,b21ca300da98418dc279417bc91409f89ec91143661e458c3b861e8bc5a3bb7d
adaptive_38_DFT,0.0,0.075,-3737.8238953981,0.0002837000001818524,0.0640774188,27778334,grid-q1-04-q2-05,1b88900a6133acb695b17b17823abe70d44b1cae5089ddc7570f457a52210f52,f2b10aa791373f807aa970a734716421546e58412be67175dcad14b18fd2727a
adaptive_38_DFT,0.3,0.075,-3737.8371237994,-0.012944701300057204,0.4021642726,27778121,grid-q1-05-q2-05,b4a667341251ec67e217ea92fa4710e4792b7c3534e4ef0be2433c5f23a58a6a,32a8d16081d3b136e56307fbf578b73583be852abed14d063f6ac9a9c2c11a1e
adaptive_38_DFT,0.6,0.075,-3737.8606179998,-0.036438901699966664,0.336019395,27778334,grid-q1-06-q2-05,e4f2a8830df238a15a391665b8898fc7c478260b59ce8633ce18fe0bc3d94f5e,d6468ad8bf52fc6657d704a77a8de0487e17f4358f30786d3c359f4f181b458a
adaptive_38_DFT,0.9,0.075,-3737.8543141999,-0.030135101799714903,0.657669632,27778121,grid-q1-07-q2-05,6cb5d068a8e37694f3b8f1bec0e58e8d47c53a471b80d2285eeb66c40a22c3ed,da55580d42ad64ab7633f5ba22f9b5ae63c0ec29ca64761c01a74afc8d05f01f
adaptive_38_DFT,1.2,0.075,-3737.7626404,0.0615386981003212,2.115263861,27778334,grid-q1-08-q2-05,3bd144c22815d5298020acf8c407afbc37c3c64fb88ba87ca8e83fc3ecb3ce65,b62efc828b87b6b83be1179ab32e8839f21894bc662ce1ef39cc882291680c27
original_25_DFT,-1.2,0.15,-3737.7562147,0.06796439810023003,2.1461765371,27777454,grid-q1-00-q2-03,c73f05151bb33b7075f9ed875cfb67b11870b141654c63ef5bdabc0ac6d79348,676290ca2468b6af2cf43f6ab6ea124f8eaf010debc98d642a091a1e89cbb1bf
adaptive_38_DFT,-0.9,0.15,-3737.8509484999,-0.02676940179981102,0.6555848063,27778242,grid-q1-01-q2-06,5c226cd4f2c4c03e0e4a7808f2503fd0397023a330a3957ba023c99cf14fa520,14b8034626d300c5fc7947266691303c47c77f0bcd48a862f56ddbb81eb733f1
original_25_DFT,-0.6,0.15,-3737.8589423998,-0.034763301699968,0.2268813088,27777454,grid-q1-01-q2-03,48b1df4239e2f135cd7a6a6a1b61d5b6be9dd23cb9637db575cbf143ed34e2cd,28f9832f90429e8d2e4b52aaecdd44ea6c2b28bf1f8df035fd00d16218ec1d05
original_25_DFT,0.0,0.15,-3737.8229169981,0.001262100000076316,0.1282755883,27777454,grid-q1-02-q2-03,01a785d321c62b606c411545c8255db2929e3945a44cd4a2fae3224be31a0434,7462c5e73692767a28f3d0a573f26ce35d92ad77ac749887f32de057f8da9366
original_25_DFT,0.6,0.15,-3737.8599194998,-0.03574040169996806,0.3728185801,27777454,grid-q1-03-q2-03,9ae585bfc8c1afa09208b41d4c12aabc8d8e89a8e376ad05a9b5f71b48eca243,36d439ff2fb4d5ad4e6cc5c808f1d4acb8281b24c179c976f5a68bd0b7e9e026
adaptive_38_DFT,0.9,0.15,-3737.8541748999,-0.029995801799941546,0.6580310401,27778242,grid-q1-07-q2-06,f866bb0af9b14ff0c04071b0ff1e95c747cd879093ea399ffcba22e9f5c48976,ce28f5438bd6493436feb28edbfb19ceed60717e3359c4e28cf05f01cb69124f
original_25_DFT,1.2,0.15,-3737.763572,0.0606070981002631,2.1088165983,27777454,grid-q1-04-q2-03,3a4da44c7c16a26be36c9b63786de816cb9e26951e6c507b6e7a445b90c84da0,e8cea2d4b98e74512e1ff24a67bb701432ba85bb4c5675b5365ca8ebd9385735
adaptive_38_DFT,-0.9,0.225,-3737.8485655998998,-0.02438650179965407,0.6544594383,27778121,grid-q1-01-q2-07,ea96a0fbaf85fde0c4988f3c123bef04d8256d5d8e943c6e5f1668e019ebd081,41caf548ac8daefc2c43c5892401672500aecd44942f257daf5dbfce1810ed32
adaptive_38_DFT,-0.3,0.225,-3737.8344778994,-0.01029880129999583,0.2700269638,27778121,grid-q1-03-q2-07,371a328f941b241d888c1f1c20f6c7bba852380324acc9fe6d0a17cdc5213b3e,5eb9e34f6a9bb820a0239428a686bf3959cc2f4b4787cd9c79d6b0ac3f84a2ae
adaptive_38_DFT,0.0,0.225,-3737.8213399981,0.002839100000073813,0.1926522115,27778334,grid-q1-04-q2-07,0164e2bbf6db87624f1639c13fb7a909de8fe9a8a617865d941dd13f9f3c20e5,e0d2a0bf137000ed1cb55cf1b416eb24527cbb6f46d61a680bbf5b8d619d8a19
adaptive_38_DFT,0.3,0.225,-3737.8346490994004,-0.010470001300291187,0.4687430269,27778121,grid-q1-05-q2-07,db29063a15cbe06bd0396e2ab3af5ecf7a25434cc29ac28204717ed3b7448c40,b0e0ca63ff610592244a30f1a3f0e4f4f980b3049020c286f9a12e37d6968180
adaptive_38_DFT,0.6,0.225,-3737.8586022997997,-0.03442320169961022,0.4096795714,27778334,grid-q1-06-q2-07,b91c4575ee56223c9763d81dc1ca0fe0f98825bc8cd070b3a2e29fd993784d51,8c51df3dda998238b1b90b2c361b75dbc49b92f4491b8c30ac0410e0182f5cb0
adaptive_38_DFT,0.9,0.225,-3737.8534268999,-0.029247801800011075,0.6581537641,27778121,grid-q1-07-q2-07,56385aa41d053aa42f04539c4562635449626eab22440daae13435398a744f8c,40bd1918decd3c7b2a44d76428774d5f417fdbf368b41afca66a31168505dc31
adaptive_38_DFT,1.2,0.225,-3737.7638967,0.06028239810029845,2.1021217503,27778334,grid-q1-08-q2-07,1f37478bb8f7c13395d1d96089fae2fa24b9284c7e092edf116944dcee01f4a1,1babcf4073b19faa43572d157093e3bf9d75fffac73a08e7fe6c9540d9af3731
original_25_DFT,-1.2,0.3,-3737.7489051,0.07527399810032875,2.239673094,27777454,grid-q1-00-q2-04,44bb8d6c570052204df405f310ad39d4f251d8c94116cbd81b38f3d6fed7fb66,528592fac7d93c01ce2bcb119bd157cf2e39510de26827a11ef528bcd0d4868b
adaptive_38_DFT,-0.9,0.3,-3737.8455972999,-0.02141820179986098,0.6531217329,27778242,grid-q1-01-q2-08,4267fc6d43f09a19e5b17035009446b09024afc208b07477230168ab9ab0e225,798b0724ae80f64b5247b18f5910ed5f4abfca482e12e209ecd35ea55ab1e97e
original_25_DFT,-0.6,0.3,-3737.8546370997,-0.0304580015999818,0.271315864,27777454,grid-q1-01-q2-04,0d63d577c91f8b51c27e8b853d1a13e4137d82d5e7784858cc51972bf08aeec9,77fd096b309098a1c93cff6407d51e2cebe563c399671c3aaf430a3879fb3246
original_25_DFT,0.0,0.3,-3737.8190447981,0.005134300000008807,0.2571588899,27777454,grid-q1-02-q2-04,e46e0af23b6da4a4b4a90b01d03a2bfcb7086ab67b97855b674d9bc1fd5a0140,5c08ce11711f2928beef32bf60fd99792b1ca05c0367444b068e7a4730ff4f98
original_25_DFT,0.6,0.3,-3737.8566321998,-0.03245310169995719,0.4467304713,27777454,grid-q1-03-q2-04,126ab40be30c905ab83803b0fd18c3020b11adbeda9501fb260bf75522b829cf,1889c00de0565b504c2bbd56f66a819bca354dc42afe4693ee72321bc0f2ec69
adaptive_38_DFT,0.9,0.3,-3737.8520195999,-0.02784050179980113,0.6579795835,27778242,grid-q1-07-q2-08,d83aa0b098f6bdc9493485e146ad90e972b0aafadc0cd3b45dcf6b56fc48f1a5,31d75c7fa19b883d1441f5f77fdab9143d10122e211af4045b042f1a5cf91839
original_25_DFT,1.2,0.3,-3737.7635955,0.060583598100038216,2.0951833882,27777454,grid-q1-04-q2-04,e681a896e34762f50637dd197b4b5bc3e53d7d0fef98d5e41e2d3332205f5444,c09d80210310825d5e52e442f166c794899fe0c78c0879e106a0b878b7f40f7d
nonuniform_refinement_16_DFT,-1.05,-0.3,-3737.8223680492697,0.0018110488304046157,1.2665246039,27778988,grid-q1-00-q2-00,75f4a30460ca944758ee835603d07501a2d03e8d717f5b55136eb977e102ad72,50e7c94e40312b8be7ac339a97e2626f149e4fe1c0b378fd00da8858b7de5f7e
nonuniform_refinement_16_DFT,-0.738,-0.3,-3737.8610727851155,-0.03689368701543572,0.2212839266,27778988,grid-q1-01-q2-00,a9cfaafb319014a8364d8167874d99a14c4dae7e41cdd275119d4cd4ace1564d,49e8c7f4d9f26d34d3043758dc433d34e185600e0f7b4de47568c606d775d945
nonuniform_refinement_16_DFT,0.738,-0.3,-3737.857471456912,-0.033292358812104794,0.2809342219,27778988,grid-q1-02-q2-00,8b0fe9f3f0e3586287a674cacf0b283982c03f51517771ca4ef8d436893ab27f,352f50ab1edf2b3f041668615e5814d63cc1ad6ad90b7a2d230cb4e2cff17579
nonuniform_refinement_16_DFT,1.05,-0.3,-3737.812340237555,0.01183886054514005,1.2998074075,27778988,grid-q1-03-q2-00,a58b941ccdbf7ff78d1f83a8ac15188f4a8a1e6a73a82cc7f92f45e8578ccc05,55fb1e9ecda21c7d27c3a3f8d898b66ac8e08f27e0b005d84c00d9339dc95a7d
nonuniform_refinement_16_DFT,-1.05,-0.072,-3737.8232137168925,0.000965381207606697,1.2759918916,27778988,grid-q1-00-q2-01,6e31f0ec11024981034d86affd38ad5da2c03b43f54637aa89b9e27939ed3a48,f84a2ed57cec5ddd04e03059a32b58e8a217ddff55db38c1ef5ede00ea024a7a
nonuniform_refinement_16_DFT,-0.738,-0.072,-3737.864453492041,-0.04027439394076282,0.2023324266,27778988,grid-q1-01-q2-01,fe42cb80b70f9fd90327931b0f39087479d6aed13b9f69f79634e46cb15bef67,fc4b70f3d36354eb01d8ff552ee2494f0defc3630836008549f37634c72e2897
nonuniform_refinement_16_DFT,0.738,-0.072,-3737.863531276807,-0.03935217870684937,0.1955981304,27778988,grid-q1-02-q2-01,48ae8c5ba378fd5aeef0f0e23910632ec8cafbe4b835dbbe1a3668a7d487fa05,fbf687bba0725c3d213c177a85342e0d927639f9a642a3a956798db93c084530
nonuniform_refinement_16_DFT,1.05,-0.072,-3737.8207827448755,0.0033963532246161776,1.2806685409,27778988,grid-q1-03-q2-01,3dbacb5b4e78d1c3cbaea903aace6335890dcad669405a900b5597688030cbb3,b97d263d7eff30c636f01aa96fb0331daa510ee623ffc961143e3ace8ae9809e
nonuniform_refinement_16_DFT,-1.05,0.072,-3737.820784292516,0.0033948055843211478,1.2807320336,27778988,grid-q1-00-q2-02,d1b1ad472c64c072ed9033f42085dd2503f757ac0e8c79e9439f035cce3ccd54,7741daf1d31d2758f52762f5b152d25aef4d55d060ec6cbccf6ec7c70b9f591a
nonuniform_refinement_16_DFT,-0.738,0.072,-3737.863555374565,-0.03937627646473629,0.195615283,27778988,grid-q1-01-q2-02,62357004663b02b9422ad6a407e83d93472c0c5eb632d55773ab3a49f8a9ed16,0a9988290b53231a6d31042cd9e30b5cfd9e6102926e4b274e6f7735206795ec
nonuniform_refinement_16_DFT,0.738,0.072,-3737.8644287984816,-0.04024970038153697,0.2022624157,27778988,grid-q1-02-q2-02,c67f7fc353290274b60f781e3b34663065b196eee3c8fa1514532d332deb582c,73a92bb22ad5375dbbe62078424d48bb05f260d1e54cd51f1096d253d67978b0
nonuniform_refinement_16_DFT,1.05,0.072,-3737.823224203662,0.000954894438109477,1.2758941693,27778988,grid-q1-03-q2-02,b7b2286688b1419513d1985918649a414fabfd5b34f28213d8b6308cc8d85a0f,fbbb30c847b80e7ca66c67104f6aca74d81a1cd41a051cce7eec5f2e70282c84
nonuniform_refinement_16_DFT,-1.05,0.3,-3737.812348233769,0.011830864330931945,1.2998001181,27778988,grid-q1-00-q2-03,41a83451d5030d0a21b8bcd4b47617a7e03617277a9887ed921decb69634793a,e49a427010057f9eaeffa9ad0edc7b714c73f050b6d12fa38e2576f5cac708e6
nonuniform_refinement_16_DFT,-0.738,0.3,-3737.8574275321052,-0.0332484340051451,0.2809526317,27778988,grid-q1-01-q2-03,16f81e886425ae049cbe1f707195605727ef18290699a93bffa9f16d5d48bb77,f46c2de67fac933ac714a3882c3b1c09033467b8bda32e381dfa5540c98d51a3
nonuniform_refinement_16_DFT,0.738,0.3,-3737.8610666534323,-0.036887555332214106,0.2212594955,27778988,grid-q1-02-q2-03,76dd2af0edaaabfbae0f5615a4fb3e0b8abb244d137b00f5627952976ab63086,1fc8726b6778c221af55a6a94a9be5f10a5c2e4b8a26a0ba0def1c1a9dcb196b
nonuniform_refinement_16_DFT,1.05,0.3,-3737.8223041105157,0.0018749875844150665,1.2665284619,27778988,grid-q1-03-q2-03,6cb28184aa9d8aa855f6fbb4eb797288b8ca89ea71f026175cb50eb58d65acee,89fff2a05071d522ed0f027f18255ddefee254c863d5c3ba34b772b86a7be24a
