image_parameter_not_DFT,Q1_sqrt_amu_A,Q2_sqrt_amu_A,H_minus_C_eV_per_BTO,eta_xx,eta_zz
0.0,1.2043298776588884,0.2862879046611224,-0.0871289016999981,-0.00940965339183597,0.05252416341415489
0.02,1.2028482965357261,0.28471120771652586,-0.0871202775875552,-0.009361879588234381,0.052287879002962764
0.04,1.201359195485095,0.2831339995528249,-0.087109551968467,-0.009313928633886798,0.052051686752445446
0.06,1.1998626137398525,0.28155628041114944,-0.0870967649320888,-0.009265801264065865,0.051815586718647395
0.08,1.1983585905328555,0.2799780505326295,-0.08708195656777577,-0.00921749821404422,0.05157957895761309
0.1,1.1968471650969603,0.27839931015839486,-0.08706516696488316,-0.009169020219094506,0.051343663525386975
0.12,1.1953283766650247,0.2768200595295756,-0.08704643621276623,-0.009120368014489361,0.051107840478013554
0.14,1.1938022644699051,0.2752402988873017,-0.08702580440078016,-0.00907154233550143,0.050872109871537285
0.16,1.1922688677444584,0.27366002847270304,-0.0870033116182802,-0.009022543917403352,0.05063647176200262
0.18,1.1907282257215417,0.27207924852690957,-0.0869789979546216,-0.008973373495467766,0.05040092620545406
0.2,1.1891803776340117,0.27049795929105125,-0.08695290349915956,-0.008924031804967317,0.05016547325793606
0.22,1.1876253627147255,0.268916161006258,-0.08692506834124931,-0.008874519581174646,0.04993011297549309
0.24,1.1860632201965404,0.2673338539136598,-0.08689553257024611,-0.008824837559362388,0.04969484541416961
0.26,1.1844939893123125,0.2657510382543866,-0.08686433627550513,-0.00877498647480319,0.04945967063001011
0.28,1.1829177092948993,0.26416771426956837,-0.08683151954638167,-0.00872496706276969,0.04922458867905905
0.3,1.1813344193771573,0.2625838822003351,-0.08679712247223091,-0.008674780058534531,0.04898959961736091
0.32,1.1797441587919435,0.2609995422878166,-0.08676118514240809,-0.008624426197370354,0.04875470350096014
0.34,1.1781469667721152,0.2594146947731429,-0.08672374764626845,-0.008573906214549797,0.048519900385901225
0.36,1.1765428825505289,0.2578293398974439,-0.0866848500731672,-0.008523220845345503,0.048285190328228624
0.38,1.1749319453600418,0.2562434779018496,-0.08664453251245958,-0.008472370825030114,0.04805057338398682
0.4,1.1733141944335106,0.25465710902749,-0.08660283505350083,-0.008421356888876269,0.04781604960922029
0.42,1.1716896690037921,0.2530702335154949,-0.08655979778564615,-0.00837017977215661,0.04758161905997348
0.44,1.170058408303744,0.25148285160699435,-0.08651546079825083,-0.008318840210143777,0.04734728179229088
0.46,1.1684204515662222,0.24989496354311833,-0.08646986418067004,-0.008267338938110417,0.047113037862216954
0.48,1.1667758380240838,0.24830656956499672,-0.086423048022259,-0.00821567669132916,0.04687888732579616
0.5,1.1651246069101864,0.24671766991375943,-0.08637505241237299,-0.008163854205072655,0.04664483023907299
0.52,1.1634667974573862,0.24512826483053654,-0.0863259174403672,-0.00811187221461354,0.046410866658091895
0.54,1.1618024488985406,0.24353835455645792,-0.08627568319559689,-0.008059731455224458,0.04617699663889736
0.56,1.160131600466506,0.24194793933265352,-0.08622438976741727,-0.008007432662178049,0.045943220237533854
0.58,1.15845429139414,0.24035701940025325,-0.08617207724518357,-0.007954976570746954,0.045709537510045826
0.6,1.1567705609142986,0.23876559500038713,-0.086118785718251,-0.007902363916203813,0.04547594851247778
0.62,1.1550804482598398,0.23717366637418508,-0.08606455527597484,-0.007849595433821268,0.04524245330087416
0.64,1.1533839926636198,0.23558123376277704,-0.08600942600771025,-0.00779667185887196,0.045009051931279444
0.66,1.1516812333584956,0.233988297407293,-0.08595343800281253,-0.007743593926628529,0.0447757444597381
0.68,1.1499722095773242,0.2323948575488628,-0.0858966313506369,-0.0076903623723636174,0.04454253094229461
0.7000000000000001,1.1482569605529624,0.23080091442861653,-0.08583904614053851,-0.007636977931349865,0.04430941143499342
0.72,1.1465355255182674,0.22920646828768407,-0.08578072246187268,-0.007583441338859916,0.04407638599387903
0.74,1.1448079437060956,0.22761151936719534,-0.0857217004039946,-0.0075297533301664065,0.04384345467499589
0.76,1.1430742543493047,0.22601606790828035,-0.08566202005625949,-0.00747591464054198,0.043610617534388475
0.78,1.1413344966807508,0.224420114152069,-0.0856017215080226,-0.007421926005259278,0.04337787462810126
0.8,1.1395887099332913,0.22282365833969128,-0.08554084484863918,-0.00736778815959094,0.04314522601217871
0.8200000000000001,1.137836933339783,0.22122670071227712,-0.0854794301674644,-0.007313501838809609,0.0429126717426653
0.84,1.1360792061330829,0.21962924151095645,-0.08541751755385352,-0.007259067778187922,0.04268021187560549
0.86,1.1343155675460475,0.21803128097685923,-0.08535514709716177,-0.007204486712998524,0.042447846467043755
0.88,1.1325460568115342,0.21643281935111536,-0.08529235888674438,-0.007149759378514056,0.04221557557302457
0.9,1.1307707131623999,0.21483385687485487,-0.08522919301195658,-0.007094886510007157,0.04198339924959241
0.92,1.1289895758315012,0.2132343937892077,-0.0851656895621536,-0.007039868842750468,0.04175131755279172
0.9400000000000001,1.127202684051695,0.21163443033530377,-0.08510188862669067,-0.006984707112016631,0.041519330538667
0.96,1.1254100770558388,0.21003396675427305,-0.085037830294923,-0.006929402053078287,0.041287438263262706
0.98,1.1236117940767887,0.20843300328724543,-0.08497355465620583,-0.006873954401208077,0.04105564078262331
1.0,1.1218078743474023,0.20683154017535094,-0.08490910179989442,-0.006818364891678641,0.04082393815279328
1.02,1.1200012052258688,0.20523071714001517,-0.08484318975629955,-0.006762497895876125,0.04059242223738811
1.04,1.1181943348142775,0.20363158022772831,-0.08477453539223849,-0.0067062269161906295,0.04036117725302572
1.06,1.1163867934613347,0.20203398916721682,-0.08470317705182606,-0.006649566384400733,0.04013019178525426
1.08,1.114578111515747,0.20043780368720743,-0.08462915307917712,-0.006592530732285005,0.03989945441962187
1.1,1.11276781932622,0.1988428835164267,-0.08455250181840644,-0.006535134391622025,0.0396689537416767
1.12,1.110955447241461,0.1972490883836012,-0.08447326161362893,-0.006477391794190368,0.039438678336966876
1.1400000000000001,1.1091405256101756,0.1956562780174576,-0.08439147080895937,-0.006419317371768608,0.03920861679104055
1.16,1.1073225847810704,0.19406431214672243,-0.08430716774851259,-0.006360925556135321,0.038978757689445837
1.18,1.1055011551028515,0.19247305050012234,-0.08422039077640345,-0.006302230779069082,0.038749089617730915
1.2,1.1036757669242256,0.1908823528063839,-0.08413117823674678,-0.006243247472348463,0.03851960116144391
1.22,1.1018459505938987,0.18929207879423374,-0.08403956847365739,-0.006183990067752045,0.03829028090613295
1.24,1.1000112364605774,0.18770208819239842,-0.0839455998312501,-0.006124472997058399,0.03806111743734619
1.26,1.0981711548729678,0.18611224072960458,-0.0838493106536398,-0.006064710692046102,0.03783209934063178
1.28,1.0963252361797764,0.18452239613457885,-0.08375073928494128,-0.006004717584493728,0.03760321520153784
1.3,1.0944730107297092,0.18293241413604777,-0.08364992406926938,-0.005944508106179853,0.037374453605612507
1.32,1.0926140088714726,0.181342154462738,-0.08354690335073893,-0.005884096688883053,0.037145803138403946
1.34,1.0907477609537735,0.17975147684337606,-0.08344171547346477,-0.005823497764381902,0.03691725238546029
1.36,1.0888737973253175,0.17816024100668862,-0.08333439878156174,-0.0057627257644549765,0.036688789932329664
1.3800000000000001,1.0869916483348112,0.17656830668140225,-0.08322499161914462,-0.005701795120880849,0.03646040436456024
1.4000000000000001,1.085100844330961,0.1749755335962436,-0.08311353233032832,-0.005640720265438097,0.036232084267700124
1.42,1.0832009156624731,0.1733817814799392,-0.08300005925922763,-0.005579515629905296,0.036003818227297486
1.44,1.081291392678054,0.17178691006121571,-0.08288461074995737,-0.00551819564606102,0.03577559482890045
1.46,1.07937180572641,0.1701907790687997,-0.08276722514663241,-0.005456774745683843,0.03554740265805715
1.48,1.0774416851562472,0.1685932482314178,-0.08264794079336756,-0.005395267360552344,0.03531923030031575
1.5,1.075500561316272,0.16699417727779658,-0.08252679603427765,-0.0053336879224450936,0.035091066341224365
1.52,1.0735479645551904,0.16539342593666265,-0.0824038292134775,-0.005272050863140671,0.03486289936633116
1.54,1.0715834252217096,0.16379085393674261,-0.08227907867508197,-0.005210370614417649,0.034634717961184266
1.56,1.0696064736645352,0.1621863210067631,-0.08215258276320588,-0.005148661608054605,0.03440651071133182
1.58,1.0676166402323737,0.1605796868754507,-0.08202437982196406,-0.0050869382758301105,0.034178266202321964
1.6,1.0656134552739318,0.15897081127153198,-0.08189450819547135,-0.005025215049522745,0.03394997301970286
1.62,1.063596449137915,0.15735955392373355,-0.08176300622784258,-0.004963506360911081,0.0337216197490226
1.6400000000000001,1.0615651521730305,0.15574577456078206,-0.08162991226319255,-0.004901826641773694,0.03349319497582938
1.6600000000000001,1.0595190947279842,0.15412933291140407,-0.08149526464563615,-0.00484019032388916,0.03326468728567131
1.68,1.0574578071514822,0.15251008870432622,-0.08135910171928819,-0.004778611839036054,0.03303608526409652
1.7,1.0553808197922312,0.15088790166827504,-0.0812214618282635,-0.00471710561899295,0.03280737749665318
1.72,1.0532876629989372,0.1492626315319772,-0.08108238331667686,-0.004655686095538425,0.032578552568889425
1.74,1.051177867120307,0.14763413802415928,-0.0809419045286432,-0.0045943677004510524,0.03234959906635339
1.76,1.0490509625050466,0.1460022808735479,-0.08080006380827728,-0.00453316486550941,0.0321205055745932
1.78,1.0469064795018623,0.14436691980886962,-0.08065689949969394,-0.004472092022492069,0.031891260679157034
1.8,1.0447439484594605,0.14272791455885106,-0.08051244994700806,-0.004411163603177609,0.031661852965592985
1.82,1.0425628997265475,0.14108512485221883,-0.08036675349433443,-0.004350394039344604,0.03143227101944924
1.84,1.0403628636518296,0.13943841041769953,-0.08021984848578788,-0.004289797762771627,0.031202503426273908
1.86,1.038143370584013,0.13778763098401975,-0.08007177326548327,-0.004229389205237254,0.030972538771615137
1.8800000000000001,1.0359039508718044,0.13613264627990612,-0.0799225661775354,-0.004169182798520061,0.030742365641021077
1.9000000000000001,1.03364413486391,0.1344733160340852,-0.07977226556605914,-0.004109192974398624,0.030511972620039865
1.92,1.031363452909036,0.13280949997528366,-0.07962090977516928,-0.0040494341646515174,0.030281348294219645
1.94,1.0290614353558885,0.131141057832228,-0.07946853714898068,-0.003989920801057315,0.030050481249108547
1.96,1.0267376125531742,0.12946784933364494,-0.07931518603160817,-0.003930667315394595,0.029819360070254722
1.98,1.0243915148495994,0.12778973420826098,-0.07916089476716656,-0.0038716881394419284,0.029587973343206304
2.0,1.0220226725938704,0.12610657218480278,-0.07900570169977073,-0.003812997704977894,0.029356309653511437
2.02,1.019633574653906,0.12441604936672716,-0.07884861258450311,-0.0037541276868464377,0.02912420084980587
2.04,1.017226807458992,0.12271620940552487,-0.07868860807015327,-0.003694629403692715,0.02889150701881949
2.06,1.0148020476998858,0.12100744835197344,-0.0785256888413967,-0.003634546752997113,0.02865825910324167
2.08,1.0123589720673434,0.11929016225685035,-0.07835985558290882,-0.0035739236322400187,0.02842448804576177
2.1,1.0098972572521214,0.11756474717093317,-0.0781911089793651,-0.00351280393890182,0.028190224789069154
2.12,1.007416579944977,0.11583159914499934,-0.07801944971544097,-0.003451231570462904,0.027955500275853185
2.14,1.0049166168366666,0.1140911142298264,-0.07784487847581194,-0.003389250424403657,0.027720345448803224
2.16,1.0023970446179469,0.11234368847619189,-0.07766739594515344,-0.0033269043982044684,0.027484791250608643
2.18,0.9998575399795748,0.11058971793487327,-0.0774870028081409,-0.0032642373893457238,0.0272488686239588
2.2,0.9972977796123067,0.10882959865664807,-0.07730369974944981,-0.003201293295307811,0.02701260851154306
2.22,0.9947174402068992,0.1070637266922938,-0.07711748745375561,-0.0031381160135711167,0.02677604185605079
2.24,0.9921161984541091,0.10529249809258799,-0.07692836660573377,-0.003074749441616029,0.02653919960017135
2.2600000000000002,0.9894937310446932,0.10351630890830811,-0.07673633789005971,-0.0030112374769229355,0.026302112686594107
2.2800000000000002,0.9868497146694081,0.10173555519023171,-0.07654140199140891,-0.0029476240169722225,0.026064812058008424
2.3000000000000003,0.9841838260190104,0.09995063298913627,-0.07634355959445684,-0.0028839529592442777,0.025827328657103663
2.32,0.9814957417842569,0.09816193835579935,-0.07614281138387896,-0.0028202682012194893,0.025589693426569197
2.34,0.9787851386559043,0.09636986734099837,-0.07593915804435067,-0.0027566136403782433,0.025351937309094377
2.36,0.9760516933247091,0.09457481599551092,-0.07573260026054748,-0.0026930331742009267,0.02511409124736857
2.38,0.9732950824814279,0.09277718037011445,-0.07552313871714483,-0.002629570700167928,0.024876186184081144
2.4,0.9705149828168179,0.09097735651558653,-0.07531077409881816,-0.002566270115759634,0.024638253061921463
2.42,0.9677110710216353,0.08917574048270463,-0.07509550709024297,-0.0025031753184564316,0.02440032282357889
2.44,0.9648830237866368,0.08737272832224625,-0.07487733837609467,-0.0024403302057387083,0.02416242641174279
2.46,0.9620305178025793,0.08556871608498892,-0.07465626864104873,-0.002377778675086852,0.023924594769102525
2.48,0.9591532297602193,0.0837640998217102,-0.0744322985697806,-0.0023155646239812495,0.02368685883834746
2.5,0.9562508363503136,0.08195927558318751,-0.07420542884696578,-0.002253731949902288,0.023449249562166954
2.52,0.9533230142636189,0.0801546394201984,-0.07397566015727965,-0.0021923245503303553,0.023211797883250382
2.54,0.9503694401908916,0.07835058738352038,-0.07374299318539773,-0.0021313863227458373,0.022974534744287095
2.56,0.9473897908228889,0.07654751552393099,-0.07350742861599543,-0.0020709611646291233,0.02273749108796647
2.58,0.9443837428503669,0.07474581989220769,-0.07326896713374824,-0.0020110929734605994,0.02250069785697786
2.6,0.9413509729640825,0.07294589653912802,-0.07302760942333161,-0.0019518256467206529,0.022264185994010637
2.62,0.9382911578547927,0.07114814151546946,-0.07278335616942098,-0.0018932030818896712,0.02202798644175416
2.64,0.9352039742132536,0.06935295087200954,-0.07253620805669181,-0.0018352691764480424,0.0217921301428978
2.66,0.9320890987302223,0.06756072065952579,-0.07228616576981957,-0.0017780678278761525,0.02155664804013091
2.68,0.9289462080964555,0.06577184692879569,-0.07203322999347969,-0.0017216429336543897,0.02132157107614286
2.7,0.9257749790027094,0.06398672573059676,-0.07177740141234766,-0.0016660383912631407,0.021086930193623017
2.72,0.9225750881397412,0.0622057531157065,-0.07151868071109892,-0.0016112980981827932,0.020852756335260736
2.74,0.9193462121983074,0.060429325134902456,-0.0712570685744089,-0.0015574659518937345,0.020619080443745393
2.7600000000000002,0.9160880278691648,0.0586578378389621,-0.07099256568695309,-0.0015045858498763513,0.020385933461766342
2.7800000000000002,0.9128002118430697,0.05689168727866294,-0.07072517273340694,-0.0014527016896110315,0.020153346332012958
2.8000000000000003,0.909482440810779,0.05513126950478252,-0.07045489039844591,-0.0014018573685781626,0.019921349997174587
2.82,0.9061343914630497,0.05337698056809836,-0.07018171936674543,-0.001352096784258132,0.019689975399940614
2.84,0.902755740490638,0.051629216519387906,-0.06990566032298098,-0.0013034638341313256,0.01945925348300039
2.86,0.8993461645843007,0.049888373409428685,-0.06962671395182801,-0.001256002415678132,0.019229215189043275
2.88,0.8959053404347948,0.04815484728899824,-0.06934488093796196,-0.0012097564263789376,0.018999891460758644
2.9,0.8924329447328764,0.04642903420887405,-0.06906016196605831,-0.0011647697637141305,0.018771313240835856
2.92,0.8889286541693027,0.04471133021983366,-0.0687725577207925,-0.0011210863251640978,0.01854351147196428
2.94,0.88539214543483,0.04300213137265454,-0.06848206888684,-0.0010787500082092265,0.01831651709683327
2.96,0.8818230952202153,0.04130183371811423,-0.06818869614887627,-0.0010378047103299036,0.018090361058132196
2.98,0.8782211802162151,0.039610833306990216,-0.06789244019157673,-0.0009982943290065178,0.017865074298550426
3.0,0.874586077113586,0.037929526190060035,-0.06759330169961686,-0.0009602627617194548,0.017640687760777318
3.02,0.8709009348852077,0.03622842213925621,-0.06728854481907055,-0.0009228226509556658,0.01741573706907909
3.04,0.8671499728267933,0.03447991835876695,-0.06697554658650531,-0.0008850863124998304,0.01718883637612069
3.06,0.8633344731133509,0.03268724204775333,-0.066654477022337,-0.0008470971537789301,0.016960134417189562
3.08,0.8594557179198875,0.030853620405376404,-0.06632550614698145,-0.0008088985822199463,0.016729779927573175
3.1,0.8555149894214111,0.028982280630797223,-0.06598880398085454,-0.0007705340052498606,0.01649792164255898
3.12,0.8515135697929292,0.02707644992317684,-0.0656445405443721,-0.0007320468302956545,0.01626470829743443
3.14,0.8474527412094496,0.02513935548167631,-0.06529288585795004,-0.0006934804647843091,0.016030288627486983
3.16,0.8433337858459795,0.023174224505456687,-0.06493400994200416,-0.0006548783161428062,0.0157948113680041
3.18,0.839157985877527,0.02118428419367903,-0.06456808281695035,-0.0006162837917981273,0.015558425254273223
3.2,0.8349266234790994,0.01917276174550439,-0.06419527450320446,-0.0005777402991772536,0.015321279021581822
3.22,0.8306409808257044,0.017142884360093827,-0.06381575502118234,-0.0005392912457071668,0.015083521405217345
3.24,0.8263023400923496,0.015097879236608394,-0.06342969439129986,-0.0005009800388148482,0.014845301140467249
3.2600000000000002,0.8219119834540427,0.013040973574209141,-0.06303726263397286,-0.00046285008592727935,0.014606766962618992
3.2800000000000002,0.8174711930857911,0.010975394572057127,-0.0626386297696172,-0.0004249447944714417,0.014368067606960026
3.3000000000000003,0.8129812511626027,0.008904369429313407,-0.062233965818648755,-0.00038730757187431677,0.014129351808777809
3.3200000000000003,0.808443439859485,0.006831125345139032,-0.06182344080148337,-0.00034998182556288587,0.013890768303359799
3.34,0.8038590413514455,0.00475888951869511,-0.061407224738536915,-0.00031301096296413157,0.013652465825993452
3.36,0.799229337813492,0.0026908891491426007,-0.06098548765022524,-0.00027643839150503325,0.013414593111966213
3.38,0.794555611420632,0.0006303514356425957,-0.060558399556964175,-0.00024030751861257364,0.01317729889656555
3.4,0.7898391443478731,-0.0014194964226438367,-0.06012613047916962,-0.000204661751713734,0.012940731915078912
3.42,0.7850812187702229,-0.003455427226555641,-0.0596888504372574,-0.0001695444982354957,0.012705040902793759
3.44,0.780283116862689,-0.005474213776931775,-0.05924672945164338,-0.00013499916560484043,0.012470374594997542
3.46,0.7754461208002792,-0.007472628874611176,-0.05879993754274342,-0.00010106916124874955,0.01223688172697772
3.48,0.770571512758001,-0.00944744532043279,-0.05834864473097339,-6.779789259420439e-05,0.012004711034021748
3.5,0.765660574910862,-0.011395435915235567,-0.057893021036749134,-3.522876706818666e-05,0.011774011251417082
3.52,0.7607145894338697,-0.013313373459858445,-0.05743323648048651,-3.4051920976776887e-06,0.011544931114451179
3.54,0.7557348385020319,-0.01519803075514037,-0.056969461082601376,2.7629424890341134e-05,0.01131761935841149
3.56,0.7507226042903563,-0.017046180601920292,-0.056501864863509596,5.7831676468888144e-05,0.011092224718585477
3.58,0.7456791689738502,-0.018854595801037148,-0.056030617843627006,8.715815521098197e-05,0.01086889593026059
3.6,0.7406058147275214,-0.020620049153329885,-0.05555589004336949,0.0001155654536896412,0.01064778172872429
3.62,0.7355038237263776,-0.022339313459637456,-0.05507785148315289,0.00014301016447788455,0.01042903084926403
3.64,0.7303744781454262,-0.024009161520798804,-0.054596672183393063,0.00016944888014873012,0.010212792027167263
3.66,0.725219060159675,-0.025626366137652876,-0.05411252216450588,0.00019483819327519665,0.009999213997721449
3.68,0.7200388519441315,-0.027187700111038604,-0.05362557144690718,0.0002191346964303027,0.009788445496214044
3.7,0.7148351356738034,-0.028689936241794944,-0.05313599005101283,0.00024229498218706675,0.009580635257932499
3.72,0.7096091935236982,-0.03012984733076084,-0.05264394799723868,0.0002642756431185074,0.00937593201816427
3.74,0.7043623076688236,-0.03150420617877524,-0.052149615306000596,0.0002850332717976435,0.00917448451219682
3.7600000000000002,0.6990957602841872,-0.032809785586677076,-0.05165316199771443,0.0003045244607974929,0.0089764414753176
3.7800000000000002,0.6938108335447967,-0.0340433583553053,-0.05115475809279604,0.00032270580269107453,0.008781951642814064
3.8000000000000003,0.6885088096256595,-0.03520169728549887,-0.050654573611661285,0.00033953389005140686,0.00859116374997367
3.8200000000000003,0.6831909707017834,-0.03628157517809673,-0.05015277857472602,0.0003549653154515085,0.008404226532083873
3.84,0.677858598948176,-0.03727976483393776,-0.049649543002406114,0.0003689566714643979,0.008221288724432134
3.86,0.672512976539845,-0.03819303905386101,-0.0491450369151174,0.00038146455066309355,0.008042499062305896
3.88,0.6671553856517976,-0.03901817063870538,-0.04863943033327576,0.0003924455456206143,0.007868006280992625
3.9,0.6617871084590418,-0.0397519323893098,-0.04813289327729703,0.00040185624890997837,0.007697959115779773
3.92,0.656409427136585,-0.04039109710651322,-0.04762559576759708,0.0004096532531042042,0.007532506301954799
3.94,0.6510236238594351,-0.04093243759115462,-0.04711770782459176,0.0004157931507763106,0.007371796574805153
3.96,0.6456309808025996,-0.0413727266440729,-0.046609399468696924,0.0004202325344993163,0.007215978669618296
3.98,0.640232780141086,-0.04170873706610702,-0.046100840720328454,0.00042292799684623926,0.00706520132168168
4.0,0.6348303040499019,-0.04193724165809594,-0.04559220159990218,0.0004238361303900984,0.006919613266282765
4.0200000000000005,0.6293979958231488,-0.042109476385838916,-0.045076060258159134,0.00042369521234208877,0.006776930395465514
4.04,0.6239104558566347,-0.04227881270593073,-0.044545341897369924,0.00042327781281611347,0.0066348064883329835
4.0600000000000005,0.6183692019779263,-0.04244522665540362,-0.044000737115244645,0.00042259196373925305,0.006493297110761226
4.08,0.6127757520145911,-0.04260869427128976,-0.04344293650949351,0.0004216456970385879,0.00635245782862632
4.1,0.6071316237941958,-0.04276919159062134,-0.04287263067782665,0.00042044704464119835,0.0062123442078043265
4.12,0.6014383351443072,-0.042926694650430613,-0.04229051021795418,0.00041900403847416494,0.006073011814171307
4.14,0.5956974038924931,-0.04308117948774974,-0.04169726572758632,0.0004173247104645681,0.005934516213603338
4.16,0.5899103478663198,-0.043232622139610946,-0.04109358780443316,0.00041541709253948824,0.005796912971976473
4.18,0.5840786848933549,-0.04338099864304643,-0.04048016704620491,0.0004132892166260058,0.005660257655166794
4.2,0.5782039328011649,-0.0435262850350884,-0.03985769405061168,0.0004109491146512012,0.005524605829050352
4.22,0.5722876094173175,-0.04366845735276905,-0.03922685941536368,0.000408404818542155,0.005390013059503227
4.24,0.5663312325693792,-0.043807491633120595,-0.038588353738170995,0.00040566436022594746,0.005256534912401473
4.26,0.5603363200849174,-0.04394336391317523,-0.03794286761674384,0.0004027357716296592,0.005124226953621167
4.28,0.5543043897914988,-0.04407605022996517,-0.03729109164879232,0.0003996270846803704,0.004993144749038366
4.3,0.548236959516691,-0.044205526620522614,-0.03663371643202664,0.0003963463313051618,0.004863343864529146
4.32,0.5421355470880604,-0.044331769121879756,-0.03597143256415689,0.0003929015434311135,0.004734879865969563
4.34,0.5360016703331746,-0.04445475377106881,-0.035304930642893306,0.0003893007529853063,0.004607808319235697
4.36,0.5298368470796001,-0.044574456605121986,-0.034634901265945955,0.0003855519918948204,0.004482184790203597
4.38,0.5236425951549045,-0.04469085366107148,-0.03396203503102507,0.00038166329208673633,0.004358064844749346
4.4,0.5174204323866545,-0.044803920975949485,-0.033287022535840746,0.00037764268548813433,0.004235504048748998
4.42,0.5111718766024174,-0.04491363458678824,-0.032610554378103174,0.0003734982040260953,0.004114557968078628
4.44,0.5048984456297599,-0.04501997053061991,-0.03193332115552247,0.00036923787962769904,0.003995282168614295
4.46,0.49860165729624956,-0.045122904844476716,-0.03125601346580885,0.0003648697442200266,0.0038777322162320735
4.48,0.4922830294294528,-0.04522241356539086,-0.030579321906672393,0.00036040182973015795,0.0037619636768080203
4.5,0.4859440798569371,-0.045318472730394556,-0.029903937075823325,0.0003558421680851739,0.003648032116218212
4.5200000000000005,0.47958632640626936,-0.04541105837652,-0.029230549570971737,0.00035119879121215454,0.003535993100338705
4.54,0.4732112869050169,-0.04550014654079939,-0.028559849989827846,0.0003464797310381806,0.0034259021950455754
4.5600000000000005,0.4668204791807461,-0.04558571326026493,-0.02789252893010174,0.0003416930194903322,0.00331781496621488
4.58,0.4604154210610249,-0.04566773457194884,-0.027229276989503635,0.00033684668849569017,0.0032117869797226944
4.6000000000000005,0.45399763037341956,-0.045746186512883306,-0.02657078476574363,0.0003319487699813346,0.0031078738014450762
4.62,0.4475686249454977,-0.04582104512010054,-0.025917742856531936,0.00032700729587434627,0.0030061309972581004
4.64,0.4411299226048262,-0.04589228643063275,-0.025270841859578674,0.00032203029810180534,0.0029066141330378295
4.66,0.4346830411789717,-0.04595988648151214,-0.02463077237259398,0.00031702580859079216,0.002809378774660325
4.68,0.42822949849550196,-0.04602382130977091,-0.023998224993288048,0.00031200185926838757,0.0027144804880016612
4.7,0.4217708123819833,-0.04608406695244126,-0.023373890319370993,0.00030696648206167144,0.0026219748389378975
4.72,0.4153085006659834,-0.0461405994465554,-0.02275845894855302,0.0003019277088977249,0.0025319173933451068
4.74,0.4088440811750688,-0.046193394829145536,-0.022152621478544226,0.0002968935717036277,0.0024443637170993497
4.76,0.4023790717368071,-0.046242429137243864,-0.021557068507054813,0.00029187210240646085,0.0023593693760766985
4.78,0.3959149901787647,-0.046287678407882595,-0.020972490631794898,0.00028687133293330426,0.0022769899361532123
4.8,0.38945335432850925,-0.046329118678093924,-0.020399578450474673,0.000281899295211239,0.0021972809632049657
4.82,0.3829956820136073,-0.046366725984910075,-0.019839022560804248,0.0002769640211673448,0.0021202980231080173
4.84,0.3765434910616264,-0.04640047636536323,-0.019291513560493828,0.00027207354272870265,0.0020460966817384403
4.86,0.370098299300133,-0.0464303458564856,-0.018757742047253518,0.0002672358918223926,0.0019747325049722948
4.88,0.36366162455669476,-0.0464563104953094,-0.018238398618793512,0.00026245910037549545,0.0019062610586856538
4.9,0.3572349846588783,-0.04647834631886682,-0.01773417387282393,0.00025775120031509136,0.0018407379087545758
4.92,0.35081989743425096,-0.04649642936419007,-0.017245758407054966,0.00025312022356826103,0.001778218621055136
4.94,0.3444178807103794,-0.046510535668311356,-0.01677384281919673,0.0002485742020620844,0.0017187587614633927
4.96,0.3380304523148312,-0.04652064126826287,-0.016319117706959416,0.00024412116772364257,0.0016624138958554182
4.98,0.33165913007517284,-0.046526722201076835,-0.015882273668053143,0.0002397691524800154,0.0016092395901072744
5.0,0.325305431818972,-0.04652875450378545,-0.015464001300188102,0.00023552618825828375,0.0015592914100950317
5.0200000000000005,0.3189577400454496,-0.04650192330261895,-0.015056310045837776,0.00023132890065117635,0.0015110419510492227
5.04,0.31260343164513293,-0.04642210069498597,-0.014650824414094914,0.00022710864479321243,0.0014629492523809602
5.0600000000000005,0.30624251603254576,-0.04629029317468632,-0.01424765760259842,0.0002228655469241568,0.001415047046237163
5.08,0.2998750026222134,-0.04610750723551978,-0.013846922808987265,0.000218599733283775,0.0013673690647647593
5.1000000000000005,0.29350090082865965,-0.04587474937128616,-0.013448733230900357,0.0002143113301118317,0.0013199490401106686
5.12,0.2871202200664097,-0.04559302607578524,-0.01305320206597667,0.0002100004636480925,0.0012728207044218186
5.14,0.2807329697499877,-0.04526334384281683,-0.012660442511855123,0.00020566726013232227,0.0012260177898451312
5.16,0.2743391592939178,-0.04488670916618069,-0.012270567766174639,0.00020131184580428604,0.0011795740285275274
5.18,0.2679387981127253,-0.044464128539676656,-0.011883691026574194,0.0001969343469037493,0.0011335231526159355
5.2,0.261531895620934,-0.04399660845710449,-0.011499925490692687,0.00019253488967047679,0.001087898894257275
5.22,0.255118461233069,-0.043485155412264026,-0.011119384356169099,0.00018811360034423408,0.0010427349855984733
5.24,0.2486985043636544,-0.042930775898955,-0.010742180820642329,0.00018367060516478586,0.0009980651587864506
5.26,0.2422720344272151,-0.04233447641097727,-0.010368428081751351,0.00017920603037189768,0.0009539231459681341
5.28,0.23583906083827508,-0.04169726344213056,-0.009998239337135074,0.00017472000220533437,0.0009103426792904438
5.3,0.22939959301135945,-0.041020143486214744,-0.009631727784432467,0.00017021264690486132,0.0008673574909003072
5.32,0.22295364036099222,-0.04030412303702954,-0.009269006621282435,0.0001656840907102434,0.0008250013129446441
5.34,0.2165012123016984,-0.03955020858837481,-0.008910189045323952,0.00016113445986124604,0.0007833078775703818
5.36,0.21004231824800196,-0.03875940663405029,-0.008555388254195927,0.00015656388059763404,0.0007423109169244405
5.38,0.20357696761442798,-0.03793272366785582,-0.008204717445537328,0.00015197247915917298,0.0007020441631537474
5.4,0.19710516981550041,-0.03707116618359116,-0.007858289816987062,0.0001473603817856275,0.0006625413484052225
5.42,0.1906269342657443,-0.03617574067505615,-0.007516218566184101,0.0001427277147167632,0.0006238362048257934
5.44,0.18414227037968373,-0.0352474536360505,-0.007178616890767353,0.00013807460419234486,0.0005859624645623798
5.46,0.17765118757184367,-0.034287311560374116,-0.006845597988375787,0.00013340117645213793,0.0005489538597619087
5.48,0.17115369525674803,-0.033296320941826676,-0.006517275056648313,0.00012870755773590722,0.0005128441225713012
5.5,0.16464980284892203,-0.03227548827420809,-0.006193761293223898,0.0001239938742834182,0.0004776669851374835
5.5200000000000005,0.15813951976288954,-0.03122582005131804,-0.0058751698957414545,0.00011926025233443569,0.0004434561796073763
5.54,0.15162285541317563,-0.03014832276695643,-0.0055616140618399475,0.00011450681812872518,0.0004102454381279066
5.5600000000000005,0.14509981921430434,-0.02904400291492295,-0.00525320698915829,0.00010973369790605142,0.00037806849284599466
5.58,0.13857042058080063,-0.02791386698901749,-0.004950061875335447,0.00010494101790617994,0.0003469590759085673
5.6000000000000005,0.13203466892718851,-0.026758921483039745,-0.004652291918010331,0.00010012890436887548,0.0003169509194625456
5.62,0.1254925736679931,-0.02558017289078962,-0.00436001031482191,9.529748353390362e-05,0.0002880777556548554
5.64,0.11894414421773858,-0.02437862770606685,-0.004073330263409109,9.044688164102927e-05,0.0002603733166324192
5.66,0.11238938999094919,-0.023155292422671177,-0.0037923649614108497,8.557722493001733e-05,0.00023387133454215995
5.68,0.10582832040215005,-0.021911173534402507,-0.003517227606466102,8.068863964063343e-05,0.00020860554153100304
5.7,0.09926094486586506,-0.020647277535060515,-0.0032480313962137803,7.578125201264221e-05,0.0001846096697458704
5.72,0.09268727279661937,-0.01936461091844512,-0.002984889528292844,7.085518828580929e-05,0.0001619174513336874
5.74,0.08610731360893688,-0.01806418017835599,-0.002727915200342212,6.591057469989933e-05,0.0001405626184413759
5.76,0.07952107671734267,-0.01674699180859304,-0.0024772216100008445,6.0947537494677975e-05,0.0001205789032158617
5.78,0.07292857153636072,-0.01541405230295595,-0.002232921954907658,5.596620290990987e-05,0.00010200003780406623
5.8,0.06632980748051612,-0.014066368155244638,-0.001995129432701615,5.0966697185360624e-05,8.485975435291505e-05
5.82,0.05972479396433279,-0.012704945859258762,-0.0017639572410216332,4.594914656079488e-05,6.919178500933051e-05
5.84,0.05311354040233577,-0.011330791908798245,-0.0015395185775066715,4.091367727597831e-05,5.502986192023755e-05
5.86,0.04649605620904913,-0.009944912797662766,-0.0013219266397956498,3.586041557067554e-05,4.2407717232558016e-05
5.88,0.039872350798997896,-0.00854831501965223,-0.0011112946255275253,3.078948768465219e-05,3.135908309321759e-05
5.9,0.033242433586706005,-0.00714200506856633,-0.0009077357323412198,2.5701019857672913e-05,2.1917691649138557e-05
5.92,0.026606313986698552,-0.005726989438204957,-0.0007113631578756891,2.0595138329503354e-05,1.4117275047244976e-05
5.94,0.019964001413499483,-0.0043042746223677895,-0.0005222900997698568,1.5471969339908164e-05,7.991565434460808e-06
5.96,0.013315505281633838,-0.002874867114854754,-0.0003406297556626768,1.0331639128652944e-05,3.5742949577097357e-06
5.98,0.006660835005625661,-0.0014397734094655223,-0.00016649532319307344,5.174273935502354e-06,8.991957639145794e-07
6.0,0.0,0.0,0.0,2.220446049250313e-16,0.0
