Qz_sqrt_amu_A,Qx_sqrt_amu_A,E_minus_C_meV_per_BTO,source
0.0,0.0,4.2140982259297743e-05,audited_DFT
0.0,0.15,-3.6122677338426,audited_DFT
0.0,0.3,-13.725301465001394,audited_DFT
0.15,0.0,-3.6372631625454233,audited_DFT
0.15,0.15,-7.198818402230245,audited_DFT
0.15,0.3,-17.05345411801318,audited_DFT
0.3,0.0,-13.735697024912952,audited_DFT
0.3,0.15,-17.050485463641962,audited_DFT
0.3,0.3,-26.371803087840817,audited_DFT
0.45,0.0,-28.262923904549098,audited_DFT
0.45,0.15,-31.294573224386113,audited_DFT
0.45,0.3,-39.7792742751335,audited_DFT
0.6,0.0,-44.73225515403101,audited_DFT
0.6,0.15,-47.45304470816336,audited_DFT
0.6,0.3,-54.98385992177646,audited_DFT
0.75,0.0,-60.684833536925,audited_DFT
0.75,0.15,-63.04741803842262,audited_DFT
0.75,0.3,-69.5698814838579,audited_DFT
0.9,0.0,-74.09737117268378,audited_DFT
0.9,0.15,-76.08887153901378,audited_DFT
0.9,0.3,-81.6209936647283,audited_DFT
1.05,0.0,-83.23487607276547,audited_DFT
1.05,0.15,-84.90682987257969,audited_DFT
1.05,0.3,-89.45026943092671,audited_DFT
1.2,0.0,-87.17343296893887,audited_DFT
1.2,0.15,-88.50338580168682,audited_DFT
1.2,0.3,-92.13884048676846,audited_DFT
