image_index,arc_fraction_s,q_atom_A,excess_enthalpy_meV_per_GaN,kind
5,0.21123271317717232,-0.05,19.178624939227618,audited_DFT
5,0.21123271317717232,-0.0375,10.795024939229236,audited_DFT
5,0.21123271317717232,-0.025,4.776144939228288,audited_DFT
5,0.21123271317717232,-0.0125,1.1668449392292501,audited_DFT
5,0.21123271317717232,0.0,0.0,audited_DFT
5,0.21123271317717232,0.0125,1.3194099392279668,audited_DFT
5,0.21123271317717232,0.025,5.1687349392288695,audited_DFT
5,0.21123271317717232,0.0375,11.580354939228599,audited_DFT
5,0.21123271317717232,0.05,20.597744939228946,audited_DFT
6,0.25456558798998846,-0.05,14.763429473029888,audited_DFT
6,0.25456558798998846,-0.0375,8.422479473029654,audited_DFT
6,0.25456558798998846,-0.025,3.836749473029144,audited_DFT
6,0.25456558798998846,-0.0125,1.0236244730297273,audited_DFT
6,0.25456558798998846,0.0,0.0,audited_DFT
6,0.25456558798998846,0.0125,0.779249473030319,audited_DFT
6,0.25456558798998846,0.025,3.3739894730295816,audited_DFT
6,0.25456558798998846,0.0375,7.800854473030583,audited_DFT
6,0.25456558798998846,0.05,14.063289473030594,audited_DFT
7,0.2950511116669095,-0.05,8.498270770045835,audited_DFT
7,0.2950511116669095,-0.0375,4.877660770047143,audited_DFT
7,0.2950511116669095,-0.025,2.2521207700467727,audited_DFT
7,0.2950511116669095,-0.0125,0.6253507700471062,audited_DFT
7,0.2950511116669095,0.0,0.0,audited_DFT
7,0.2950511116669095,0.0125,0.37746577004682536,audited_DFT
7,0.2950511116669095,0.025,1.7581957700461004,audited_DFT
7,0.2950511116669095,0.0375,4.141460770046734,audited_DFT
7,0.2950511116669095,0.05,7.525250770045844,audited_DFT
8,0.3335463208195872,-0.05,4.991031328448692,audited_DFT
8,0.3335463208195872,-0.0375,2.8654513284491756,audited_DFT
8,0.3335463208195872,-0.025,1.3259963284495413,audited_DFT
8,0.3335463208195872,-0.0125,0.3715963284500745,audited_DFT
8,0.3335463208195872,0.0,0.0,audited_DFT
8,0.3335463208195872,0.0125,0.20877632845017757,audited_DFT
8,0.3335463208195872,0.025,0.9949113284486444,audited_DFT
8,0.3335463208195872,0.0375,2.355216328449039,audited_DFT
8,0.3335463208195872,0.05,4.296006328449842,audited_DFT
9,0.36861760171138847,-0.05,3.548775025396189,audited_DFT
9,0.36861760171138847,-0.0375,2.014670025396903,audited_DFT
9,0.36861760171138847,-0.025,0.9146650253972766,audited_DFT
9,0.36861760171138847,-0.0125,0.2432900253959147,audited_DFT
9,0.36861760171138847,0.0,0.0,audited_DFT
9,0.36861760171138847,0.0125,0.18829502539663423,audited_DFT
9,0.36861760171138847,0.025,0.7854950253962656,audited_DFT
9,0.36861760171138847,0.0375,1.7964700253960686,audited_DFT
9,0.36861760171138847,0.05,3.2158150253964735,audited_DFT
10,0.4005873029316844,-0.05,2.8671042621235543,audited_DFT
10,0.4005873029316844,-0.0375,1.5765042621245229,audited_DFT
10,0.4005873029316844,-0.025,0.6793542621243986,audited_DFT
10,0.4005873029316844,-0.0125,0.15209426212425825,audited_DFT
10,0.4005873029316844,0.0,0.0,audited_DFT
10,0.4005873029316844,0.0125,0.21811426212448026,audited_DFT
10,0.4005873029316844,0.025,0.80130426212488,audited_DFT
10,0.4005873029316844,0.0375,1.7441842621250814,audited_DFT
10,0.4005873029316844,0.05,3.041349262123738,audited_DFT
11,0.4305445530439566,-0.05,2.5375437559498337,audited_DFT
11,0.4305445530439566,-0.0375,1.3437887559488715,audited_DFT
11,0.4305445530439566,-0.025,0.5256937559492414,audited_DFT
11,0.4305445530439566,-0.0125,0.07834875594969759,audited_DFT
11,0.4305445530439566,0.0,0.0,audited_DFT
11,0.4305445530439566,0.0125,0.27334875594942076,audited_DFT
11,0.4305445530439566,0.025,0.9039837559496888,audited_DFT
11,0.4305445530439566,0.0375,1.8823887559493713,audited_DFT
11,0.4305445530439566,0.05,3.198983755949847,audited_DFT
12,0.4593907922768255,-0.05,2.395150720910344,audited_DFT
12,0.4593907922768255,-0.0375,1.2274307209088064,audited_DFT
12,0.4593907922768255,-0.025,0.442980720909425,audited_DFT
12,0.4593907922768255,-0.0125,0.03598072091026694,audited_DFT
12,0.4593907922768255,0.0,0.0,audited_DFT
12,0.4593907922768255,0.0125,0.3285507209094263,audited_DFT
12,0.4593907922768255,0.025,1.0152407209096381,audited_DFT
12,0.4593907922768255,0.0375,2.053625720908947,audited_DFT
12,0.4593907922768255,0.05,3.437600720910261,audited_DFT
13,0.48768298696410106,-0.05,2.386974368921102,audited_DFT
13,0.48768298696410106,-0.0375,1.2039143689221987,audited_DFT
13,0.48768298696410106,-0.025,0.4154443689223797,audited_DFT
13,0.48768298696410106,-0.0125,0.016194368921418345,audited_DFT
13,0.48768298696410106,0.0,0.0,audited_DFT
13,0.48768298696410106,0.0125,0.3601643689208345,audited_DFT
13,0.48768298696410106,0.025,1.0898843689215454,audited_DFT
13,0.48768298696410106,0.0375,2.182439368921152,audited_DFT
13,0.48768298696410106,0.05,3.631024368921487,audited_DFT
14,0.5157043999913691,-0.05,2.49016944809366,audited_DFT
14,0.5157043999913691,-0.0375,1.2595794480931843,audited_DFT
14,0.5157043999913691,-0.025,0.4353794480929096,audited_DFT
14,0.5157043999913691,-0.0125,0.019059448093550202,audited_DFT
14,0.5157043999913691,0.0,0.0,audited_DFT
14,0.5157043999913691,0.0125,0.37131444809279657,audited_DFT
14,0.5157043999913691,0.025,1.1263394480929279,audited_DFT
14,0.5157043999913691,0.0375,2.2583294480922333,audited_DFT
14,0.5157043999913691,0.05,3.760104448093493,audited_DFT
15,0.5434549225247953,-0.05,2.6862021302465067,audited_DFT
15,0.5434549225247953,-0.0375,1.3769171302469019,audited_DFT
15,0.5434549225247953,-0.025,0.4966971302460266,audited_DFT
15,0.5434549225247953,-0.0125,0.03874713024654142,audited_DFT
15,0.5434549225247953,0.0,0.0,audited_DFT
15,0.5434549225247953,0.0125,0.3658671302462224,audited_DFT
15,0.5434549225247953,0.025,1.1333971302471824,audited_DFT
15,0.5434549225247953,0.0375,2.2957671302465954,audited_DFT
15,0.5434549225247953,0.05,3.842037130247,audited_DFT
16,0.5718037523007614,-0.05,3.131545553549664,audited_DFT
16,0.5718037523007614,-0.0375,1.6791905535500362,audited_DFT
16,0.5718037523007614,-0.025,0.6782255535489057,audited_DFT
16,0.5718037523007614,-0.0125,0.1196105535496983,audited_DFT
16,0.5718037523007614,0.0,0.0,audited_DFT
16,0.5718037523007614,0.0125,0.31022555354898174,audited_DFT
16,0.5718037523007614,0.025,1.0433155535496397,audited_DFT
16,0.5718037523007614,0.0375,2.191955553549896,audited_DFT
16,0.5718037523007614,0.05,3.7487405535499008,audited_DFT
17,0.6003203488136957,-0.05,3.7859900796020085,audited_DFT
17,0.6003203488136957,-0.0375,2.129490079602725,audited_DFT
17,0.6003203488136957,-0.025,0.9514100796019775,audited_DFT
17,0.6003203488136957,-0.0125,0.2439450796023479,audited_DFT
17,0.6003203488136957,0.0,0.0,audited_DFT
17,0.6003203488136957,0.0125,0.21600007960298484,audited_DFT
17,0.6003203488136957,0.025,0.876600079602774,audited_DFT
17,0.6003203488136957,0.0375,1.9778050796022129,audited_DFT
17,0.6003203488136957,0.05,3.5117200796017656,audited_DFT
18,0.6293300634276341,-0.05,4.838295461304654,audited_DFT
18,0.6293300634276341,-0.0375,2.855500461304672,audited_DFT
18,0.6293300634276341,-0.025,1.3939504613045273,audited_DFT
18,0.6293300634276341,-0.0125,0.44487046130470276,audited_DFT
18,0.6293300634276341,0.0,0.0,audited_DFT
18,0.6293300634276341,0.0125,0.050865461306059956,audited_DFT
18,0.6293300634276341,0.025,0.5889554613052184,audited_DFT
18,0.6293300634276341,0.0375,1.605915461304619,audited_DFT
18,0.6293300634276341,0.05,3.0934204613046745,audited_DFT
19,0.6588205062389973,-0.05,6.84184104283414,audited_DFT
19,0.6588205062389973,-0.0375,4.220711042834502,audited_DFT
19,0.6588205062389973,-0.025,2.2227610428329214,audited_DFT
19,0.6588205062389973,-0.0125,0.8161160428334924,audited_DFT
19,0.6588205062389973,0.0,0.0,audited_DFT
19,0.6588205062389973,0.0125,-0.23656895716595017,audited_DFT
19,0.6588205062389973,0.025,0.09590604283449267,audited_DFT
19,0.6588205062389973,0.0375,0.9877810428333689,audited_DFT
19,0.6588205062389973,0.05,2.430111042833083,audited_DFT
20,0.6885865370329808,-0.05,7.968995690581515,audited_DFT
20,0.6885865370329808,-0.0375,4.904605690581043,audited_DFT
20,0.6885865370329808,-0.025,2.555560690580272,audited_DFT
20,0.6885865370329808,-0.0125,0.9213406905805854,audited_DFT
20,0.6885865370329808,0.0,0.0,audited_DFT
20,0.6885865370329808,0.0125,-0.20515930941922278,audited_DFT
20,0.6885865370329808,0.025,0.30498069058015886,audited_DFT
20,0.6885865370329808,0.0375,1.5321906905816363,audited_DFT
20,0.6885865370329808,0.05,3.479360690580968,audited_DFT
21,0.7213852158456056,-0.05,4.315905788939034,audited_DFT
21,0.7213852158456056,-0.0375,2.389100788938947,audited_DFT
21,0.7213852158456056,-0.025,1.0244657889391107,audited_DFT
21,0.7213852158456056,-0.0125,0.22648078893894308,audited_DFT
21,0.7213852158456056,0.0,0.0,audited_DFT
21,0.7213852158456056,0.0125,0.35018578893897256,audited_DFT
21,0.7213852158456056,0.025,1.2819007889390832,audited_DFT
21,0.7213852158456056,0.0375,2.7999007889398797,audited_DFT
21,0.7213852158456056,0.05,4.908905788939322,audited_DFT
22,0.7621605514741662,-0.05,2.992810169776483,audited_DFT
22,0.7621605514741662,-0.0375,1.5056601697756022,audited_DFT
22,0.7621605514741662,-0.025,0.5131901697756902,audited_DFT
22,0.7621605514741662,-0.0125,0.006390169775549737,audited_DFT
22,0.7621605514741662,0.0,0.0,audited_DFT
22,0.7621605514741662,0.0125,0.4931951697750847,audited_DFT
22,0.7621605514741662,0.025,1.4892151697756262,audited_DFT
22,0.7621605514741662,0.0375,2.99148516977521,audited_DFT
22,0.7621605514741662,0.05,5.003835169776316,audited_DFT
