panel,category,phase,step_A,frequency_THz,mode_indices,value,unit,electronic_contract,report_sha256
a,frozen atoms,local TS candidate,0.01,,,2.4502856882216584,eV/A^2,VASP 1000 eV,fc530fe491027c22eb4fe573007abf0ff2f6728b93c668b5d09ced1ee5baa20c
a,frozen strain,local TS candidate,0.01,,,3.9349200381635887,eV/A^2,VASP 1000 eV,fc530fe491027c22eb4fe573007abf0ff2f6728b93c668b5d09ced1ee5baa20c
a,joint,local TS candidate,0.01,,,-4.049374772562767,eV/A^2,VASP 1000 eV,fc530fe491027c22eb4fe573007abf0ff2f6728b93c668b5d09ced1ee5baa20c
a,relaxed strain,local TS candidate,0.01,,,-16.292083187532022,eV/A^2,VASP 1000 eV,fc530fe491027c22eb4fe573007abf0ff2f6728b93c668b5d09ced1ee5baa20c
a,frozen atoms,local TS candidate,0.02,,,2.4524374190837888,eV/A^2,VASP 1000 eV,fc530fe491027c22eb4fe573007abf0ff2f6728b93c668b5d09ced1ee5baa20c
a,frozen strain,local TS candidate,0.02,,,3.9168291574720038,eV/A^2,VASP 1000 eV,fc530fe491027c22eb4fe573007abf0ff2f6728b93c668b5d09ced1ee5baa20c
a,joint,local TS candidate,0.02,,,-4.03052318739995,eV/A^2,VASP 1000 eV,fc530fe491027c22eb4fe573007abf0ff2f6728b93c668b5d09ced1ee5baa20c
a,relaxed strain,local TS candidate,0.02,,,-16.169905981426698,eV/A^2,VASP 1000 eV,fc530fe491027c22eb4fe573007abf0ff2f6728b93c668b5d09ced1ee5baa20c
b,lower pair,B4,0.01,3.5502307266595965,"3,4",56.155412721936834,% atomic optical direction,VASP 600 eV endpoint Gamma basis,fc530fe491027c22eb4fe573007abf0ff2f6728b93c668b5d09ced1ee5baa20c
b,single,B4,0.01,19.53393033282188,6,4.202571548592051,% atomic optical direction,VASP 600 eV endpoint Gamma basis,fc530fe491027c22eb4fe573007abf0ff2f6728b93c668b5d09ced1ee5baa20c
b,upper pair,B4,0.01,20.744653950639194,"9,10",39.64201251575898,% atomic optical direction,VASP 600 eV endpoint Gamma basis,fc530fe491027c22eb4fe573007abf0ff2f6728b93c668b5d09ced1ee5baa20c
b,lower pair,B1,0.01,5.6154737221435145,"3,4",68.34532266970109,% atomic optical direction,VASP 600 eV endpoint Gamma basis,fc530fe491027c22eb4fe573007abf0ff2f6728b93c668b5d09ced1ee5baa20c
b,single,B1,0.01,12.145833229374249,8,4.20257029415415,% atomic optical direction,VASP 600 eV endpoint Gamma basis,fc530fe491027c22eb4fe573007abf0ff2f6728b93c668b5d09ced1ee5baa20c
b,upper pair,B1,0.01,16.65168539548973,"9,10",27.452103817434057,% atomic optical direction,VASP 600 eV endpoint Gamma basis,fc530fe491027c22eb4fe573007abf0ff2f6728b93c668b5d09ced1ee5baa20c
