panel,phase,category,value,unit,mode_indices,mean_frequency_THz,step_A,electronic_contract,report_sha256
a,local candidate,frozen atoms,2.449701247942572,eV/A^2,,,0.02,VASP 600 eV,eba2d22a86d8f917698afb8fe9de98cd3e20ddd250262a2c5cddec5fea01f842
a,local candidate,frozen strain,3.902995059737384,eV/A^2,,,0.02,VASP 600 eV,eba2d22a86d8f917698afb8fe9de98cd3e20ddd250262a2c5cddec5fea01f842
a,local candidate,joint,-4.032966686175884,eV/A^2,,,0.02,VASP 600 eV,eba2d22a86d8f917698afb8fe9de98cd3e20ddd250262a2c5cddec5fea01f842
a,local candidate,relaxed strain,-16.18981544630612,eV/A^2,,,0.02,VASP 600 eV,eba2d22a86d8f917698afb8fe9de98cd3e20ddd250262a2c5cddec5fea01f842
b,B4,lower pair,56.1327089938115,% optical direction,"3,4",3.5502307266595965,0.01,VASP 600 eV,eba2d22a86d8f917698afb8fe9de98cd3e20ddd250262a2c5cddec5fea01f842
b,B4,single,4.215331303750638,% optical direction,6,19.53393033282188,0.01,VASP 600 eV,eba2d22a86d8f917698afb8fe9de98cd3e20ddd250262a2c5cddec5fea01f842
b,B4,upper pair,39.65195261492473,% optical direction,"9,10",20.744653950639194,0.01,VASP 600 eV,eba2d22a86d8f917698afb8fe9de98cd3e20ddd250262a2c5cddec5fea01f842
b,B1,lower pair,68.32224150893248,% optical direction,"3,4",5.6154737221435145,0.01,VASP 600 eV,eba2d22a86d8f917698afb8fe9de98cd3e20ddd250262a2c5cddec5fea01f842
b,B1,single,4.215330045882638,% optical direction,8,12.145833229374249,0.01,VASP 600 eV,eba2d22a86d8f917698afb8fe9de98cd3e20ddd250262a2c5cddec5fea01f842
b,B1,upper pair,27.462421361513478,% optical direction,"9,10",16.65168539548973,0.01,VASP 600 eV,eba2d22a86d8f917698afb8fe9de98cd3e20ddd250262a2c5cddec5fea01f842
