case,kind,q_u_A,q_v_A,measured_delta_H_meV_per_GaN,quadratic_model_delta_H_meV_per_GaN,residual_meV_per_GaN,raw_OUTCAR_sha256,source_report_sha256
center,center,0.0,0.0,0.0,0.0,0.0,66e9ddf2bf5ee1f3f510bf71b8ec8dea2e05ae3d8be60e9593e741a87dabcfe5,a57deb1eac4ba1c41147a29c94a5057c01296fbcf038e1d17f505a9975b729ff
grid_um_vm,grid,-0.02,-0.0125,-0.2385518027248068,-0.31015313220512203,0.07160132948031522,8a298e15707c52ce5374ed0cecb27ceb7d9065e0920e862069d33dfd323c6e0c,a57deb1eac4ba1c41147a29c94a5057c01296fbcf038e1d17f505a9975b729ff
grid_um_vz,grid,-0.02,0.0,-0.324827128983074,-0.4063470399062991,0.08151991092322514,152df01ed70fcbabfa2effe6f0907ee563c6a3e98cd9e2c5b3989c1262c4c80e,a57deb1eac4ba1c41147a29c94a5057c01296fbcf038e1d17f505a9975b729ff
grid_um_vp,grid,-0.02,0.0125,-0.21573627712356824,-0.3029021319133641,0.08716585478979588,6fb50169f2a9c372b1d41f9eb2977ed3517908e30697174dd4b425f1b91cf2c9,a57deb1eac4ba1c41147a29c94a5057c01296fbcf038e1d17f505a9975b729ff
grid_uz_vm,grid,0.0,-0.0125,0.10994509539496988,0.0961939077011771,0.013751187693792785,b4336b1a4c0ac83b5a6c602a71a01466347a0b731b4ab6e67bec4b9134ae5e10,a57deb1eac4ba1c41147a29c94a5057c01296fbcf038e1d17f505a9975b729ff
grid_uz_vp,grid,0.0,0.0125,0.09877344399011889,0.10344490799293496,-0.004671464002816067,ffdf6ac506cb2257dd5d7324d265cb60377b4429b0e50236b9e798741c2b2dd4,a57deb1eac4ba1c41147a29c94a5057c01296fbcf038e1d17f505a9975b729ff
grid_up_vm,grid,0.02,-0.0125,-0.3905989458576897,-0.3040523896276999,-0.0865465562299898,de9d08be790c6409b64bd6b4c74a8780b1a69e407fa1a9149c6b3ff809ccf288,a57deb1eac4ba1c41147a29c94a5057c01296fbcf038e1d17f505a9975b729ff
grid_up_vz,grid,0.02,0.0,-0.49078556730197676,-0.40024629732887707,-0.09053926997309969,8979abe791b1a78900d5b40ae209e40750be2cf12ec49ef6e85e70d81d202ad0,a57deb1eac4ba1c41147a29c94a5057c01296fbcf038e1d17f505a9975b729ff
grid_up_vp,grid,0.02,0.0125,-0.3783263064081055,-0.296801389335942,-0.08152491707216347,d9f54039b00ff48e8ade82f8b5b148510d23238fec4c311ae00838782e166626,a57deb1eac4ba1c41147a29c94a5057c01296fbcf038e1d17f505a9975b729ff
hold_um,axial_holdout,-0.01,0.0,-0.05261157977098918,-0.10234935279875255,0.049737773027763374,f9735a3e0032b7f107ded2a14102e7e113692a673be6e26acc363347018c6cbc,a57deb1eac4ba1c41147a29c94a5057c01296fbcf038e1d17f505a9975b729ff
hold_up,axial_holdout,0.01,0.0,-0.14195159301522153,-0.09929898151004149,-0.042652611505180044,0b647f6cc548a7e5ea4ddec693b90557d2b2895cf68a976f3890a5d5b7e77bf4,a57deb1eac4ba1c41147a29c94a5057c01296fbcf038e1d17f505a9975b729ff
hold_vm,axial_holdout,0.0,-0.00625,0.035154426093697566,0.02314210188882454,0.012012324204873026,5abe96501abc05fefb80eb0979d40231a53b12a031d9826c657d47bc2890c436,a57deb1eac4ba1c41147a29c94a5057c01296fbcf038e1d17f505a9975b729ff
hold_vp,axial_holdout,0.0,0.00625,0.030622706161942403,0.026767602034703474,0.0038551041272389293,64b062d3b0a734f5af9f5f82c54253bf06ba09876988863c22c86e6eb0dac0ce,a57deb1eac4ba1c41147a29c94a5057c01296fbcf038e1d17f505a9975b729ff
