stitched_index,segment,arc_fraction,enthalpy_meV_per_GaN_relative_B4,q_u_A,q_v_A,two_mode_residual_A,inside_measured_local_rectangle
0,left,0.0,0.0,0.9683702692842516,-0.2270421954017819,0.5505345150197749,False
1,left,0.0333742169534442,-0.042753977189669,0.9716765482773537,-0.22550199531102766,0.46432819333581016,False
2,left,0.06891234857645391,-0.00035340667547956173,0.9742666013102942,-0.225861658378211,0.37606188234047316,False
3,left,0.10759128525535198,0.011771949255390268,0.9756898068805805,-0.22384644103198773,0.28925586538430326,False
4,left,0.15028036200399944,0.0955250338670055,0.9744687004577133,-0.21599103792367697,0.21797047794639668,False
5,left,0.1991606000733147,2.3518210637591963,0.9392323206573056,-0.18078945461315346,0.18900528026247554,False
6,left,0.24016213445429144,22.34254387617085,0.8367000124462675,-0.1220667858872569,0.16029101633576412,False
7,left,0.27878324444343533,57.32077878439412,0.7323083404153805,-0.08326767235043654,0.11553944653784841,False
8,left,0.31571017352282604,103.75616480665961,0.6246203179179345,-0.05613053314452013,0.08156134629114371,False
9,left,0.3494743689875925,154.23725689375976,0.5213247097874278,-0.03665899284722998,0.05788972024201156,False
10,left,0.3803444227390389,202.89755533927777,0.42515369982601964,-0.022440845242210173,0.04054634378163621,False
11,left,0.4093399263188722,247.14823949009102,0.3340097853020719,-0.011588197733721299,0.02743512468838911,False
12,left,0.4373251564781326,285.12525299910243,0.24564021660261645,-0.0030331277634420284,0.017476162036438515,False
13,left,0.4648464950214391,314.6368603512242,0.15861236766794803,0.003856225132604661,0.010191423285146325,False
14,left,0.4921905004207659,333.2065390744807,0.07221381562303006,0.009444555079201642,0.006165670949442647,False
15,left,0.5156490794872752,338.4649919718958,-2.1319240788135735e-22,1.328596099943951e-22,1.2268740211812464e-16,True
16,right,0.5488613129759865,328.08798431458274,-0.10236658819696128,0.009652821977653799,0.007229088033336489,False
17,right,0.5772784068313338,302.76986879080073,-0.189545595208644,0.01150565226767644,0.012171744209355533,False
18,right,0.6065774710570561,264.27395223730963,-0.27905462473581927,0.007654461532201029,0.015452286631100374,False
19,right,0.636438111818667,219.62106051102916,-0.3697118102097696,-0.0026286954238364858,0.01572796623380897,False
20,right,0.6667113817744402,179.16244355884902,-0.4577648371775116,-0.026620865879457282,0.013489749081267705,False
21,right,0.6998357496287019,146.24167957448364,-0.5331004506262812,-0.07882184206195597,0.0464813886765827,False
22,right,0.7399369317351842,109.12073782692211,-0.588350798661477,-0.1550999663223006,0.1297470519146819,False
23,right,0.7860952543247955,53.981081396890396,-0.6345709947779362,-0.24110723147623445,0.24053173552219587,False
24,right,0.8398366149909051,-1.440768570169837,-0.68576013246455,-0.33713081074100865,0.36967686952873025,False
25,right,0.887731637584172,-4.556642738065442,-0.7033078635374018,-0.36264392434457443,0.40435118856018615,False
26,right,0.9310808435656183,-4.590368685486901,-0.7023160876916129,-0.36184228447540634,0.4501000914648425,False
27,right,0.9673926777399803,-4.569823046344901,-0.7020622745329328,-0.3614435719986153,0.5085611412191857,False
28,right,1.0,-4.596254456862958,-0.7020211308597493,-0.36133398268338673,0.5722484546952871,False
