case,kind,q_u_A,q_v_A,measured_delta_H_meV_per_GaN,quadratic_model_delta_H_meV_per_GaN,residual_meV_per_GaN,raw_OUTCAR_sha256,source_report_sha256
grid_um_vm,grid,-0.02,-0.0125,-0.2385518027248068,-0.31015313220512203,0.07160132948031522,8a298e15707c52ce5374ed0cecb27ceb7d9065e0920e862069d33dfd323c6e0c,a57deb1eac4ba1c41147a29c94a5057c01296fbcf038e1d17f505a9975b729ff
grid17_u1_v0,dense17_midpoint,-0.0175,-0.0125,-0.14986982618747646,,-0.0013897715559075263,0b4d1eba3253fdadee093e26eedafd3a11e1e4fa8ef56c2674570ed6b23af977,f536329cc9a1e138737790ea45b81fd76e8f31686140921107bfc81794d51b16
grid9_u1_v0,dense9_refinement,-0.015,-0.0125,-0.07200170899146485,-0.13294824686274945,0.060946537871284595,19fc4b0f47cd082484493afbb44d7b93a1743aeb7a3b5cff4f320ad7585fd30d,baac7ad142006a135cc82610a4332a55ac7e67b209da441ae99abbedba38f7aa
grid17_u3_v0,dense17_midpoint,-0.0125,-0.0125,-0.010414557429783144,,0.001293313106364418,882bfbd9e54832852313946238126e081560aae1d174fb5c8086c11ea245f8e6,f536329cc9a1e138737790ea45b81fd76e8f31686140921107bfc81794d51b16
grid5_u1_v0,offaxis_refinement,-0.01,-0.0125,0.04028071047113002,-0.006155445097575453,0.04643615556870547,8009006235bb19727f90bc224b166b5dd2b3d17326c47ee3a96f13d212c97852,a317c672932f4e4a37e20f0f2361a802a1359401cdc6cfbbeb652f43bf6dc2e2
grid17_u5_v0,dense17_midpoint,-0.0075,-0.0125,0.08207843532126446,,-0.0020300488439056463,35b359ff72e64917b1d4627e74e6c5aa947d0d387c832bb36b99f912e9acf7fe,f536329cc9a1e138737790ea45b81fd76e8f31686140921107bfc81794d51b16
grid9_u3_v0,dense9_refinement,-0.005,-0.0125,0.1056640727936653,0.07022527309040008,0.03543879970326522,5ba802ccc357637a6caeda8a63807a48c6cf68c5d4ab8d33989bcad0cb334dcc,baac7ad142006a135cc82610a4332a55ac7e67b209da441ae99abbedba38f7aa
grid17_u7_v0,dense17_midpoint,-0.0025,-0.0125,0.11451447418941996,,0.0001626995309914614,17f43add876191edbca6b2471527a9c597113bed602112aaa4d4b150511a4c24,f536329cc9a1e138737790ea45b81fd76e8f31686140921107bfc81794d51b16
grid_uz_vm,grid,0.0,-0.0125,0.10994509539496988,0.0961939077011771,0.013751187693792785,b4336b1a4c0ac83b5a6c602a71a01466347a0b731b4ab6e67bec4b9134ae5e10,a57deb1eac4ba1c41147a29c94a5057c01296fbcf038e1d17f505a9975b729ff
grid17_u9_v0,dense17_midpoint,0.0025,-0.0125,0.09529172910660577,,-0.0008513997910940957,0219ce635ff39618a1608705c477373ab08476629c165dcae54e33a4462eb043,f536329cc9a1e138737790ea45b81fd76e8f31686140921107bfc81794d51b16
grid9_u5_v0,dense9_refinement,0.005,-0.0125,0.0660340979745655,0.0717504587347556,-0.005716360760190109,8655b7c500ea2de49e207917cdf6112038c20c36a92f5439f11ed50db6daef12,baac7ad142006a135cc82610a4332a55ac7e67b209da441ae99abbedba38f7aa
grid17_u11_v0,dense17_midpoint,0.0075,-0.0125,0.021512360248721052,,0.0006679900426276551,fdbeb249aeb60c6f73782af3b3615feee71473cfb9b14e4a20d056271bb9b267,f536329cc9a1e138737790ea45b81fd76e8f31686140921107bfc81794d51b16
grid5_u3_v0,offaxis_refinement,0.01,-0.0125,-0.03599385295594004,-0.0031050738088644024,-0.032888779147075636,76bbca3d3a40668aac172cd12d1660137e7533e261270430eed7ac7d4857c391,a317c672932f4e4a37e20f0f2361a802a1359401cdc6cfbbeb652f43bf6dc2e2
grid17_u13_v0,dense17_midpoint,0.0125,-0.0125,-0.10134066110989437,,-0.002697529717442179,53d9b30c3d550e6501b9ddff6c986257b71c21167df9d478e4a7b1cc8dd08097,f536329cc9a1e138737790ea45b81fd76e8f31686140921107bfc81794d51b16
grid9_u7_v0,dense9_refinement,0.015,-0.0125,-0.18472583978290658,-0.12837268992968287,-0.056353149853223705,dee243ff7792d3dbf90ac94599b2a8765f907dcd4484ff91169c0f3c4a05f207,baac7ad142006a135cc82610a4332a55ac7e67b209da441ae99abbedba38f7aa
grid17_u15_v0,dense17_midpoint,0.0175,-0.0125,-0.28351690148209485,,0.0002742799475977664,56eeb63191e037b8454a9f1b01450704d699a6b422467d6bdee1ff78739168f5,f536329cc9a1e138737790ea45b81fd76e8f31686140921107bfc81794d51b16
grid_up_vm,grid,0.02,-0.0125,-0.3905989458576897,-0.3040523896276999,-0.0865465562299898,de9d08be790c6409b64bd6b4c74a8780b1a69e407fa1a9149c6b3ff809ccf288,a57deb1eac4ba1c41147a29c94a5057c01296fbcf038e1d17f505a9975b729ff
grid17_u0_v1,dense17_midpoint,-0.02,-0.0109375,-0.26259937797057376,,0.0033115962327666115,a9c0e16d8fd524cdddca953c5c02cd306fc1315d117ae641b9479df0362c4ce2,f536329cc9a1e138737790ea45b81fd76e8f31686140921107bfc81794d51b16
grid17_u1_v1,dense17_midpoint,-0.0175,-0.0109375,-0.17276254426423776,,-0.0008612210419172983,564f834a07bd6efcf7637070a17a7f934d0521f45cfae419b7d0cbfe29a08963,f536329cc9a1e138737790ea45b81fd76e8f31686140921107bfc81794d51b16
grid17_u2_v1,dense17_midpoint,-0.015,-0.0109375,-0.09616477043294935,,1.8940814012907703e-05,a4c46ea589bca525f9e0444441570c678031501793f1a03eab3cb80b38725c0c,f536329cc9a1e138737790ea45b81fd76e8f31686140921107bfc81794d51b16
grid17_u3_v1,dense17_midpoint,-0.0125,-0.0109375,-0.034717165074305,,0.0010315247582065312,191f5ca8e472811bc01e56bba59a82752da74ae79028bdc6af2a4749d4b8f44c,f536329cc9a1e138737790ea45b81fd76e8f31686140921107bfc81794d51b16
grid17_u4_v1,dense17_midpoint,-0.01,-0.0109375,0.01885606262774786,,-0.0011293837242723204,fe3ebba78fd92cce441b16387a56c44654e8cd089e066243860c0d5f8f85c6ed,f536329cc9a1e138737790ea45b81fd76e8f31686140921107bfc81794d51b16
grid17_u5_v1,dense17_midpoint,-0.0075,-0.0109375,0.05961241230867387,,-0.002557019252858242,c1c6ed6913fe082c528123371f1a4dde54469a02ce22c82182cbb0af1bf5d904,f536329cc9a1e138737790ea45b81fd76e8f31686140921107bfc81794d51b16
grid17_u6_v1,dense17_midpoint,-0.005,-0.0109375,0.08347669090458254,,-0.000649921479987034,0783ab84f437df7a0679a45bc443a85449e4c832f26ba0cc25c849e684cb2874,f536329cc9a1e138737790ea45b81fd76e8f31686140921107bfc81794d51b16
grid17_u7_v1,dense17_midpoint,-0.0025,-0.0109375,0.09146790389724657,,-2.0602384061110812e-05,a53a1b9d31a64fec30e56e7ce58cbff0e558be1f90b2f290f82b072afc95f4a1,f536329cc9a1e138737790ea45b81fd76e8f31686140921107bfc81794d51b16
grid17_u8_v1,dense17_midpoint,0.0,-0.0109375,0.08631290268024117,,0.000332597201205001,2149ebf38350c096495a49b93dea603392034d71a3a2efc40c0578421dcb5e1f,f536329cc9a1e138737790ea45b81fd76e8f31686140921107bfc81794d51b16
grid17_u9_v1,dense17_midpoint,0.0025,-0.0109375,0.07237102649693128,,-0.002246648266945983,757f44027f25b989fa16d0ac935688c7f28dbe48922338924d79102e0d6af32c,f536329cc9a1e138737790ea45b81fd76e8f31686140921107bfc81794d51b16
grid17_u10_v1,dense17_midpoint,0.005,-0.0109375,0.03915496337825175,,0.002044233690927738,13b9140c4a60ec525b0d43470e96c17fa1312209bbcc6a019fef7f0300a6755f,f536329cc9a1e138737790ea45b81fd76e8f31686140921107bfc81794d51b16
grid17_u11_v1,dense17_midpoint,0.0075,-0.0109375,-0.005464550413947222,,0.0034205451302606635,ce143bfb2fdc96aae99fe2f14a399dca0a6ff293cbb325ae2e6bc115c8c80c18,f536329cc9a1e138737790ea45b81fd76e8f31686140921107bfc81794d51b16
grid17_u12_v1,dense17_midpoint,0.01,-0.0109375,-0.05929205971533236,,0.0008046262288086969,f4a3984373b98615448ad77245bedc2472f9bdb36c428d219754bb22b6e64a97,f536329cc9a1e138737790ea45b81fd76e8f31686140921107bfc81794d51b16
grid17_u13_v1,dense17_midpoint,0.0125,-0.0109375,-0.12752831023021827,,-0.0027254639482583165,1ec9fc696f1fb1c335f579977ef4e766b01eb03d1323dc193b4c4d479ee275a0,f536329cc9a1e138737790ea45b81fd76e8f31686140921107bfc81794d51b16
grid17_u14_v1,dense17_midpoint,0.015,-0.0109375,-0.21475784789881658,,0.002763999181911586,22d1290868120c98671ca09fcca751516ed9bd8aba78df10e950a2138e1dda7e,f536329cc9a1e138737790ea45b81fd76e8f31686140921107bfc81794d51b16
grid17_u15_v1,dense17_midpoint,0.0175,-0.0109375,-0.3072437359916691,,-0.0018879450235732564,31e94b5d7f7fd0403f77cf1089bbbe244554b5e06521593bbf10e1152f5faaa6,f536329cc9a1e138737790ea45b81fd76e8f31686140921107bfc81794d51b16
grid17_u16_v1,dense17_midpoint,0.02,-0.0109375,-0.4099406849995546,,-0.0027180977365095504,1d9cc05e8226b63d657bcbb1ea741386b26d2ca76e5e69c5cd93226c6a4763d9,f536329cc9a1e138737790ea45b81fd76e8f31686140921107bfc81794d51b16
grid9_u0_v1,dense9_refinement,-0.02,-0.009375,-0.2782077207976741,-0.3529177481017393,0.07471002730406523,ad8d082c0e4efb8e0267c7fa331d5b900cf4107c19996f6bb3749f786520c98b,baac7ad142006a135cc82610a4332a55ac7e67b209da441ae99abbedba38f7aa
grid17_u1_v2,dense17_midpoint,-0.0175,-0.009375,-0.1935172244333927,,8.458479015260867e-06,6ad818c8d728144bceac0c014d7268fcbde0abe8dc5c32bd24b619984aa3c823,f536329cc9a1e138737790ea45b81fd76e8f31686140921107bfc81794d51b16
grid9_u1_v1,dense9_refinement,-0.015,-0.009375,-0.11726741186102174,-0.17571286275936673,0.05844545089834499,ce672bebb6b2517c98b1cd9ea60e06454877574706ed5fb8246b14bd06be2298,baac7ad142006a135cc82610a4332a55ac7e67b209da441ae99abbedba38f7aa
grid17_u3_v2,dense17_midpoint,-0.0125,-0.009375,-0.05205300084654141,,-0.0012084479480490712,0928159135cebc521c6e4005da4356e73894cdfd09a39cfced7fe9a8d1776bf0,f536329cc9a1e138737790ea45b81fd76e8f31686140921107bfc81794d51b16
grid9_u2_v1,dense9_refinement,-0.01,-0.009375,-0.0014120547096041491,-0.04892006099419274,0.047508006284588594,a2265f61f2ee4317ad3db04c24ddbc7c4b8c71c1219534145f8bc84da7147446,baac7ad142006a135cc82610a4332a55ac7e67b209da441ae99abbedba38f7aa
grid17_u5_v2,dense17_midpoint,-0.0075,-0.009375,0.0369720853932165,,0.0005399668767487945,b67dcee8196a7928870bd381e79ae0ba802225ce2abc9c8fbb0019e73d0ee5b3,f536329cc9a1e138737790ea45b81fd76e8f31686140921107bfc81794d51b16
grid9_u3_v1,dense9_refinement,-0.005,-0.009375,0.06276126963733475,0.027460657193782788,0.03530061244355196,6ace98ae5d89abbb3d80b102d40d6fe79e76bcb036aeb762537d1b1b1ade4f8f,baac7ad142006a135cc82610a4332a55ac7e67b209da441ae99abbedba38f7aa
grid17_u7_v2,dense17_midpoint,-0.0025,-0.009375,0.07276595447613943,,-0.0012447516353072674,6d221dbb7428ce9fe76d4b82f4d91f1d56c47a353a3b12f8c96c1fbeb458b2b0,f536329cc9a1e138737790ea45b81fd76e8f31686140921107bfc81794d51b16
grid9_u4_v1,dense9_refinement,0.0,-0.009375,0.06568782418003849,0.053429291804559804,0.012258532375478685,b80dcf15aa7abc344c4f15d1245b57eac13b4a86704becd03c01e27bad693a2b,baac7ad142006a135cc82610a4332a55ac7e67b209da441ae99abbedba38f7aa
grid17_u9_v2,dense17_midpoint,0.0025,-0.009375,0.051528927726529616,,-0.0030967100342250004,6304d1600aad47b5c2ea3ae568583a14c9e7799cf409503379e2cf85db0cfb8f,f536329cc9a1e138737790ea45b81fd76e8f31686140921107bfc81794d51b16
grid9_u5_v1,dense9_refinement,0.005,-0.009375,0.01863918424405142,0.028985842838138313,-0.010346658594086892,95bef3d6baed2adf17b1e09691d52600144a7c6251db05b2cd356130e727b281,baac7ad142006a135cc82610a4332a55ac7e67b209da441ae99abbedba38f7aa
grid17_u11_v2,dense17_midpoint,0.0075,-0.009375,-0.027440130529576834,,0.0027358171408063577,2b26ff81ec8c9b3b2fae5b14866a13842bfd84bfac44b1cfdc324bc280f7c8b0,f536329cc9a1e138737790ea45b81fd76e8f31686140921107bfc81794d51b16
grid9_u6_v1,dense9_refinement,0.01,-0.009375,-0.0801543856088216,-0.0458696897054817,-0.0342846959033399,4e337df8df0ecb97952ba1d8c5837f2849a4c7f8e482d9668a26aabf207ddce5,baac7ad142006a135cc82610a4332a55ac7e67b209da441ae99abbedba38f7aa
grid17_u13_v2,dense17_midpoint,0.0125,-0.009375,-0.151865900494208,,0.0013524767208351607,77283d545e34d4b3c54107606cd35225905430c58a19730321c6b59d7cec85b0,f536329cc9a1e138737790ea45b81fd76e8f31686140921107bfc81794d51b16
grid9_u7_v1,dense9_refinement,0.015,-0.009375,-0.2352100510272237,-0.17113730582630016,-0.06407274520092354,65b48bbc4c7e30ea611642c86e897bb7932c3e42c3f0aa35fcf84982b9ad0add,baac7ad142006a135cc82610a4332a55ac7e67b209da441ae99abbedba38f7aa
grid17_u15_v2,dense17_midpoint,0.0175,-0.009375,-0.32470666608119814,,-0.005483690968661803,62f76fc7d7f54f63f1c27f1a03b3527818c23b034ccc44b43fd589443d58fbc0,f536329cc9a1e138737790ea45b81fd76e8f31686140921107bfc81794d51b16
grid9_u8_v1,dense9_refinement,0.02,-0.009375,-0.4317560338815696,-0.34681700552431727,-0.08493902835725231,ec3edfc3f5af233060fb49e77dca043f04e1388a04bfbe5d7771004b0cd76505,baac7ad142006a135cc82610a4332a55ac7e67b209da441ae99abbedba38f7aa
grid17_u0_v3,dense17_midpoint,-0.02,-0.0078125,-0.2932456567048547,,-0.00015762463789703585,436fb9631ede818857ef2e9095f66e1126b1ed5824e6084bb7c885424ca139b1,f536329cc9a1e138737790ea45b81fd76e8f31686140921107bfc81794d51b16
grid17_u1_v3,dense17_midpoint,-0.0175,-0.0078125,-0.20982159209737006,,-0.0014837247519564056,896f542d3490ca4e1676fcec2bc37ed2197f345b18ed51bfc93c95837916c74a,f536329cc9a1e138737790ea45b81fd76e8f31686140921107bfc81794d51b16
grid17_u2_v3,dense17_midpoint,-0.015,-0.0078125,-0.13323452042079964,,-0.0014692367255021432,87761b50a63d74d5f048461e5682ad91b0b10952357678c9fabe0fbb89ebce75,f536329cc9a1e138737790ea45b81fd76e8f31686140921107bfc81794d51b16
grid17_u3_v3,dense17_midpoint,-0.0125,-0.0078125,-0.07058709477725245,,0.001709407568879065,14ab303c70a71133e69b2b9e7f403dee7e3d9033e701afef0b0aee50d79a42ab,f536329cc9a1e138737790ea45b81fd76e8f31686140921107bfc81794d51b16
grid17_u4_v3,dense17_midpoint,-0.01,-0.0078125,-0.017823062764321662,,0.0015575298143037965,1654b1e5c32ea8c03e7cd2050ff731348bf71de4deed0b1153b6e91b5f7333d7,f536329cc9a1e138737790ea45b81fd76e8f31686140921107bfc81794d51b16
grid17_u5_v3,dense17_midpoint,-0.0075,-0.0078125,0.02199982783324117,,0.0002237224639956778,dd0b9dcd5b959f223cdb41557138eec066dcfdf0dd31532870b5bf0585affdcb,f536329cc9a1e138737790ea45b81fd76e8f31686140921107bfc81794d51b16
grid17_u6_v3,dense17_midpoint,-0.005,-0.0078125,0.04564543222329576,,-0.0008490407671237626,b35e60252f9f118d7c86ca69d66e9a02ac72a3b6337fdcfe57dd64cd9d2343cf,f536329cc9a1e138737790ea45b81fd76e8f31686140921107bfc81794d51b16
grid17_u7_v3,dense17_midpoint,-0.0025,-0.0078125,0.05431460236682284,,-0.0018410835958633243,447a429dc1f78adec3402a3dfefeeefef85f41e7e615d2067bc36435ac5e745d,f536329cc9a1e138737790ea45b81fd76e8f31686140921107bfc81794d51b16
grid17_u8_v3,dense17_midpoint,0.0,-0.0078125,0.050088882733057005,,-0.0007860120884016358,a1a9dc569fe6966e831036f1f6c1be37cf3ea087c44d29cff5b4cf35c96caaa1,f536329cc9a1e138737790ea45b81fd76e8f31686140921107bfc81794d51b16
grid17_u9_v3,dense17_midpoint,0.0025,-0.0078125,0.02975514822356473,,-0.0013119656950240574,8d4f8251b8a23a7fdcffbfdc858a1cd4445ca7fede962dc206ede15fdf84104d,f536329cc9a1e138737790ea45b81fd76e8f31686140921107bfc81794d51b16
grid17_u10_v3,dense17_midpoint,0.005,-0.0078125,-0.002112900511441751,,-0.00023134036753365457,390aaf45c551e33986efc0fe16f63def708f03e576eccf6e4629857ffd5d678b,f536329cc9a1e138737790ea45b81fd76e8f31686140921107bfc81794d51b16
grid17_u11_v3,dense17_midpoint,0.0075,-0.0078125,-0.04865986519320131,,0.0027452937296327043,dd2ede5d043fe10558907cd3d1d2fd12dd84d59504d417286f93d291e847f985,f536329cc9a1e138737790ea45b81fd76e8f31686140921107bfc81794d51b16
grid17_u12_v3,dense17_midpoint,0.01,-0.0078125,-0.10241529031329577,,0.0013076529798038972,b200786bf9bfb4b9769f1b7b1f68b5fc1bef5ae232719ce171dbba58c5e912e8,f536329cc9a1e138737790ea45b81fd76e8f31686140921107bfc81794d51b16
grid17_u13_v3,dense17_midpoint,0.0125,-0.0078125,-0.17045226305967276,,-0.0008437670253942653,6c4bd08e689bab319722736ae4d41edf26ac796a5c53b4412b077a20e857b99c,f536329cc9a1e138737790ea45b81fd76e8f31686140921107bfc81794d51b16
grid17_u14_v3,dense17_midpoint,0.015,-0.0078125,-0.25398942143262104,,0.0022529809041701987,c8cb6fc3788f9b48b0ed2eb3aa129f046bde46cd3be0aba107a943df9d822c05,f536329cc9a1e138737790ea45b81fd76e8f31686140921107bfc81794d51b16
grid17_u15_v3,dense17_midpoint,0.0175,-0.0078125,-0.34402824253465525,,-0.0014971193912129976,493da69bfec8f4d063b22cf25ca9d1fd567c005a37e262c2abbac95283953d8c,f536329cc9a1e138737790ea45b81fd76e8f31686140921107bfc81794d51b16
grid17_u16_v3,dense17_midpoint,0.02,-0.0078125,-0.4458902271506915,,-0.0008163373767726134,2fc5b1d5fd6c571e5c962a1a368db49f46c4cddfd8fefd48756be7e39870b57d,f536329cc9a1e138737790ea45b81fd76e8f31686140921107bfc81794d51b16
grid5_u0_v1,offaxis_refinement,-0.02,-0.00625,-0.3049758093700561,-0.38320493801747463,0.07822912864741854,c21d6a78e4dc39a37c35c47803b864c57e72c1945b526c3cf96cf49e637b47f5,a317c672932f4e4a37e20f0f2361a802a1359401cdc6cfbbeb652f43bf6dc2e2
grid17_u1_v4,dense17_midpoint,-0.0175,-0.00625,-0.22621910335107742,,0.0016283809686296613,83c2f3187edd32de9fb07a3938678c3d81a7b7662c2d5a27092ade01096bb477,f536329cc9a1e138737790ea45b81fd76e8f31686140921107bfc81794d51b16
grid9_u1_v2,dense9_refinement,-0.015,-0.00625,-0.14859631523123085,-0.20600005267510202,0.05740373744387117,8e7d1c4df4b1bc1b02e583a821730d6c625c8a5ac84b4ec651313f1b3d91e5bc,baac7ad142006a135cc82610a4332a55ac7e67b209da441ae99abbedba38f7aa
grid17_u3_v4,dense17_midpoint,-0.0125,-0.00625,-0.08048671176652533,,-0.001627947659276291,f1fb8794bda056601bea31639ef65756bce49658317910a842a8eea5dd169038,f536329cc9a1e138737790ea45b81fd76e8f31686140921107bfc81794d51b16
grid5_u1_v1,offaxis_refinement,-0.01,-0.00625,-0.02900983550091496,-0.079207250909928,0.05019741540901304,42a61196ab1973636571ee8de29983309834d6693c0e85626a1ae9bbb8a4816e,a317c672932f4e4a37e20f0f2361a802a1359401cdc6cfbbeb652f43bf6dc2e2
grid17_u5_v4,dense17_midpoint,-0.0075,-0.00625,0.007094770136717443,,0.0016615765138026858,87f0ebf7e57cda4633ea50f8c2e9b5067b9c2b83b5338a32d5b6357d7630aa94,f536329cc9a1e138737790ea45b81fd76e8f31686140921107bfc81794d51b16
grid9_u3_v2,dense9_refinement,-0.005,-0.00625,0.030228954644329065,-0.002826532721952478,0.03305548736628154,1ddb1d190f3ea70896bdca76f74c065be8ac3dab531bea02d05bdc8161ec63a7,baac7ad142006a135cc82610a4332a55ac7e67b209da441ae99abbedba38f7aa
grid17_u7_v4,dense17_midpoint,-0.0025,-0.00625,0.03363326086258667,,0.005504799188043703,b9d45d1147b1b38fa698f7dbde7b1aaeee480b187076054d4fc167ff63752046,f536329cc9a1e138737790ea45b81fd76e8f31686140921107bfc81794d51b16
hold_vm,axial_holdout,0.0,-0.00625,0.035154426093697566,0.02314210188882454,0.012012324204873026,5abe96501abc05fefb80eb0979d40231a53b12a031d9826c657d47bc2890c436,a57deb1eac4ba1c41147a29c94a5057c01296fbcf038e1d17f505a9975b729ff
grid17_u9_v4,dense17_midpoint,0.0025,-0.00625,0.012520026050566457,,0.0013557315337083455,5eec0036956e7b5c7158329970cf726ccb096ee5fb230895e537e92f1aa35e7c,f536329cc9a1e138737790ea45b81fd76e8f31686140921107bfc81794d51b16
grid9_u5_v2,dense9_refinement,0.005,-0.00625,-0.019933666034255282,-0.0013013470775969525,-0.01863231895665833,0656384d027a0a8e86e4cd62e4fce0d5609c5954b9c9a75fe24086a4fa9b9dae,baac7ad142006a135cc82610a4332a55ac7e67b209da441ae99abbedba38f7aa
grid17_u11_v4,dense17_midpoint,0.0075,-0.00625,-0.06232201555533834,,-0.0005277529900228894,7641bf1b9f74a44b940b8d28546cfc5159e0ddd457fe5ffa50940461310d58ef,f536329cc9a1e138737790ea45b81fd76e8f31686140921107bfc81794d51b16
grid5_u3_v1,offaxis_refinement,0.01,-0.00625,-0.11787880355207392,-0.07615687962121695,-0.04172192393085697,6e6570f1a5d111214f4d2c1d9b542dd3243dc92b3d39fbb2db5363da111b3660,a317c672932f4e4a37e20f0f2361a802a1359401cdc6cfbbeb652f43bf6dc2e2
grid17_u13_v4,dense17_midpoint,0.0125,-0.00625,-0.18207503016398618,,-0.002759035189269732,d79882406baec0158487c19dc4e0cf71f82e314272562163492775969d9e3c10,f536329cc9a1e138737790ea45b81fd76e8f31686140921107bfc81794d51b16
grid9_u7_v2,dense9_refinement,0.015,-0.00625,-0.26343135746564883,-0.20142449574203544,-0.06200686172361339,a7979bb5e022bc982c3a0800a2630e4eab627b69821eaef5868d894162888183,baac7ad142006a135cc82610a4332a55ac7e67b209da441ae99abbedba38f7aa
grid17_u15_v4,dense17_midpoint,0.0175,-0.00625,-0.35722369878854465,,0.0002924735820486468,390ce42997d6d11026ff2ec14aaedad450ad48f36688db801052b2bf84bd97d1,f536329cc9a1e138737790ea45b81fd76e8f31686140921107bfc81794d51b16
grid5_u4_v1,offaxis_refinement,0.02,-0.00625,-0.4598327158662485,-0.3771041954400525,-0.082728520426196,bfe792eeab23d783db62ec204e2dd2a95e2a729f72e19d17a346f6eb7b29668c,a317c672932f4e4a37e20f0f2361a802a1359401cdc6cfbbeb652f43bf6dc2e2
grid17_u0_v5,dense17_midpoint,-0.02,-0.0046875,-0.31587396685761604,,0.0019244675909959041,1b02552e7e92fb88a27de23d11c8fd3dba69dec21cbbaa00f45123d229f9fa59,f536329cc9a1e138737790ea45b81fd76e8f31686140921107bfc81794d51b16
grid17_u1_v5,dense17_midpoint,-0.0175,-0.0046875,-0.23262133626733572,,-0.0015196970635739104,470d1f9cda8346ba9f78d2480f960130f7f9ed7b402a71643057db532e856cac,f536329cc9a1e138737790ea45b81fd76e8f31686140921107bfc81794d51b16
grid17_u2_v5,dense17_midpoint,-0.015,-0.0046875,-0.15750727843588663,,-0.0015083261157435024,fc86eac6e038a4ba37a3ecea9c3c0b8b74f8ed325932d6a80829723bcb3ab822,f536329cc9a1e138737790ea45b81fd76e8f31686140921107bfc81794d51b16
grid17_u3_v5,dense17_midpoint,-0.0125,-0.0046875,-0.09080712890785492,,-0.0022607952937403475,fe65e739fd7231249f4d9595d9c3fb485302aee2e32acb7315f368c016a709fb,f536329cc9a1e138737790ea45b81fd76e8f31686140921107bfc81794d51b16
grid17_u4_v5,dense17_midpoint,-0.01,-0.0046875,-0.04145824314960578,,6.0230143756549726e-05,ed4ccc8aaec75ca623ba431d99db7bee6b7a231661b1ebb2935ed5ec48f11de4,f536329cc9a1e138737790ea45b81fd76e8f31686140921107bfc81794d51b16
grid17_u5_v5,dense17_midpoint,-0.0075,-0.0046875,-0.007099512271402375,,0.004863160417129053,4ac503ca071c0f1bf0bd6439eaffb7b73004541e481f0a6aae09bc57df3fb84c,f536329cc9a1e138737790ea45b81fd76e8f31686140921107bfc81794d51b16
grid17_u6_v5,dense17_midpoint,-0.005,-0.0046875,0.015825969739147183,,0.004213379618171385,3989e45155fc3511ca56980d2d8ec6f8ecd25b9e9dc5065c249d96344310b6c4,f536329cc9a1e138737790ea45b81fd76e8f31686140921107bfc81794d51b16
grid17_u7_v5,dense17_midpoint,-0.0025,-0.0046875,0.024243936899814855,,0.0006606494450544058,7f3137b57d7c8dbe5b4b49985f26514d032a1b8d364b5d2d0cf6e105428fe96d,f536329cc9a1e138737790ea45b81fd76e8f31686140921107bfc81794d51b16
grid17_u8_v5,dense17_midpoint,0.0,-0.0046875,0.021907077025318245,,-0.0016479492778959971,e7950bc256984383ef617b3530ab35f2990687b9c83de1c7dda4d23250eece7b,f536329cc9a1e138737790ea45b81fd76e8f31686140921107bfc81794d51b16
grid17_u9_v5,dense17_midpoint,0.0025,-0.0046875,-0.003719067962038025,,0.0024317079968438973,5889bf021753fa68f406c94e6a66b91fddb8fc75b457ab27ef1de5b5793b778e,f536329cc9a1e138737790ea45b81fd76e8f31686140921107bfc81794d51b16
grid17_u10_v5,dense17_midpoint,0.005,-0.0046875,-0.03206005044908977,,-0.00048299787709803893,5b5e626252a5d1f1f95cb2e0ed2d979d79d3d015f8dec3239b55c141ce624c97,f536329cc9a1e138737790ea45b81fd76e8f31686140921107bfc81794d51b16
grid17_u11_v5,dense17_midpoint,0.0075,-0.0046875,-0.072199212591606,,-0.0021909822862574285,ef76d2cb947aa65e9a7133b738099c69c5cd51ad0171a60ab48028757dfa2803,f536329cc9a1e138737790ea45b81fd76e8f31686140921107bfc81794d51b16
grid17_u12_v5,dense17_midpoint,0.01,-0.0046875,-0.1273110992130455,,-0.0008021815724043591,b9ade50fe3842bccadf72455fe6bc8471de88f0810220b86f73b462c78df1c3b,f536329cc9a1e138737790ea45b81fd76e8f31686140921107bfc81794d51b16
grid17_u13_v5,dense17_midpoint,0.0125,-0.0046875,-0.19296997436324403,,-0.0004613110455256586,d6333a4483f290225a559a0972355ca6e060f666b6b6f0493df02559b8098fa0,f536329cc9a1e138737790ea45b81fd76e8f31686140921107bfc81794d51b16
grid17_u14_v5,dense17_midpoint,0.015,-0.0046875,-0.2730396092767151,,0.0007448871236661048,25144e826f880ce4eeb6e28f883e1a6112b14b95c7a4923caadf7cdc38a9168d,f536329cc9a1e138737790ea45b81fd76e8f31686140921107bfc81794d51b16
grid17_u15_v5,dense17_midpoint,0.0175,-0.0046875,-0.3680724883272646,,-5.0061151454838804e-05,4ac28ee9f6ca246217cb3f6c91d3d82a03bec3a126c289b8dabc79858feb5332,f536329cc9a1e138737790ea45b81fd76e8f31686140921107bfc81794d51b16
grid17_u16_v5,dense17_midpoint,0.02,-0.0046875,-0.47505399573211093,,0.00123895538222496,08e21d6771ef6a274afafff72c7ec7e3edca840abc5b6a7eb103b6419557b77e,f536329cc9a1e138737790ea45b81fd76e8f31686140921107bfc81794d51b16
grid9_u0_v3,dense9_refinement,-0.02,-0.003125,-0.320461726684762,-0.4010147019523279,0.08055297526756588,bbfb2b51c6d5b41c55f81b98cc3af411be5ee07c06d44793523db89ba738a499,baac7ad142006a135cc82610a4332a55ac7e67b209da441ae99abbedba38f7aa
grid17_u1_v6,dense17_midpoint,-0.0175,-0.003125,-0.23895012410868333,,-0.0019478873483565473,e86f25550f38fd9838579e634007687255e22c5899f3b3272cf0746ce5a95fa8,f536329cc9a1e138737790ea45b81fd76e8f31686140921107bfc81794d51b16
grid9_u1_v3,dense9_refinement,-0.015,-0.003125,-0.1660864259642736,-0.22380981660995528,0.05772339064568169,d0cb554c999ec64ff979899343666fdd3def61cdd94a2fcae5cbb3fc1425801a,baac7ad142006a135cc82610a4332a55ac7e67b209da441ae99abbedba38f7aa
grid17_u3_v6,dense17_midpoint,-0.0125,-0.003125,-0.09896017423471903,,-0.0026731965052367718,aaa2449f2ae266fa552dc918e215fb31842889607b9a084751ac2414d0b8fe04,f536329cc9a1e138737790ea45b81fd76e8f31686140921107bfc81794d51b16
grid9_u2_v3,dense9_refinement,-0.01,-0.003125,-0.050165911795296836,-0.09701701484478129,0.04685110304948445,ae151b6030cfeb3204ad1ebfce7247c312978288db11f703fd8ce07842a00438,baac7ad142006a135cc82610a4332a55ac7e67b209da441ae99abbedba38f7aa
grid17_u5_v6,dense17_midpoint,-0.0075,-0.003125,-0.014528241577771439,,0.002430042790225361,7f064f632dc59e4e2dc3628e0733b805a78b2839ce2180a6bdbf095b6fd3d688,f536329cc9a1e138737790ea45b81fd76e8f31686140921107bfc81794d51b16
grid9_u3_v3,dense9_refinement,-0.005,-0.003125,0.011631532428779678,-0.02063629665680575,0.032267829085585426,141d5783ea215f5913b651c6a002aafb66b7f7757f895c0c87d75804ed9a7df5,baac7ad142006a135cc82610a4332a55ac7e67b209da441ae99abbedba38f7aa
grid17_u7_v6,dense17_midpoint,-0.0025,-0.003125,0.01842029011278612,,-0.0013889869857960438,5d6e966c4747a30430b191b6c0becaa6f70ae2ed1c6d923ce3c33853996e6bbd,f536329cc9a1e138737790ea45b81fd76e8f31686140921107bfc81794d51b16
grid9_u4_v3,dense9_refinement,0.0,-0.003125,0.007734576577433927,0.005332337953971269,0.0024022386234626584,23dce605c0a9005425de549d57755989049eb385f2baa230802c472b11e447d6,baac7ad142006a135cc82610a4332a55ac7e67b209da441ae99abbedba38f7aa
grid17_u9_v6,dense17_midpoint,0.0025,-0.003125,-0.011605965577032862,,0.0007700678419716722,520b032b009b12c2044af865c4ee943dbee1ca5c81de41fb011754ea742a7d70,f536329cc9a1e138737790ea45b81fd76e8f31686140921107bfc81794d51b16
grid9_u5_v3,dense9_refinement,0.005,-0.003125,-0.0408312644566422,-0.01911111101245022,-0.02172015344419198,666472b9bfb5e501900601b8eb2172965b359349e604021ce50e784f161ec628,baac7ad142006a135cc82610a4332a55ac7e67b209da441ae99abbedba38f7aa
grid17_u11_v6,dense17_midpoint,0.0075,-0.003125,-0.07861668560593671,,-0.003199638961891016,c278ff3b7f28993a9434d480fc77a8c51de404cdbdc6d6f5e2faf2d8e753d581,f536329cc9a1e138737790ea45b81fd76e8f31686140921107bfc81794d51b16
grid9_u6_v3,dense9_refinement,0.01,-0.003125,-0.13403835184000457,-0.09396664355607023,-0.04007170828393433,0dd210054ffcd281bd79ed123cd7429a63a1f9a905e2671106e554cfb14ffb51,baac7ad142006a135cc82610a4332a55ac7e67b209da441ae99abbedba38f7aa
grid17_u13_v6,dense17_midpoint,0.0125,-0.003125,-0.20353515400284294,,0.004501959290680396,989b6ccf9b2cfe58afd6b6cfb90d05dd1899f8dd6c62fbc4b88d61c7c61acd5a,f536329cc9a1e138737790ea45b81fd76e8f31686140921107bfc81794d51b16
grid9_u7_v3,dense9_refinement,0.015,-0.003125,-0.2804923720720609,-0.2192342596768887,-0.061258112395172204,77944de791eccd9a8171df57ed1ea8dbfe3e4761b29b2614270122a9110a0e66,baac7ad142006a135cc82610a4332a55ac7e67b209da441ae99abbedba38f7aa
grid17_u15_v6,dense17_midpoint,0.0175,-0.003125,-0.3789551044368622,,4.274512656926577e-05,88eb17c1dc60e7ef514bcff2df934c4a336225e784d8a7a1b493540ac9541517,f536329cc9a1e138737790ea45b81fd76e8f31686140921107bfc81794d51b16
grid9_u8_v3,dense9_refinement,0.02,-0.003125,-0.4857070572334976,-0.3949139593749058,-0.0907930978585918,43a452b6281b42fdf77be7fa1de048940137fdf8bcbef768ea48aeb689ea8d9a,baac7ad142006a135cc82610a4332a55ac7e67b209da441ae99abbedba38f7aa
grid17_u0_v7,dense17_midpoint,-0.02,-0.0015625,-0.3232392169678633,,-0.0010480712292432193,e658db77e9e37113ad6903c71592518ebc45efd7680ecc80446057928dc3c870,f536329cc9a1e138737790ea45b81fd76e8f31686140921107bfc81794d51b16
grid17_u1_v7,dense17_midpoint,-0.0175,-0.0015625,-0.23819598725793867,,-0.00614401493963912,9b8a99dc7459efc986b6f18bb421cb8da7425117163d3af9d828e3f387f80bda,f536329cc9a1e138737790ea45b81fd76e8f31686140921107bfc81794d51b16
grid17_u2_v7,dense17_midpoint,-0.015,-0.0015625,-0.17209758643943474,,0.0021883325204697934,b8c8f7c46d7b8eeba0f51de853c0a334f455e924910a409f06556b8d1c0bc41b,f536329cc9a1e138737790ea45b81fd76e8f31686140921107bfc81794d51b16
grid17_u3_v7,dense17_midpoint,-0.0125,-0.0015625,-0.10374276379465641,,0.0007179515240718914,56b2a03e35bd48465d1a4f53b152767a6062550af13deb19bd862974bf19b22d,f536329cc9a1e138737790ea45b81fd76e8f31686140921107bfc81794d51b16
grid17_u4_v7,dense17_midpoint,-0.01,-0.0015625,-0.05125546843132156,,-0.0010499207691032075,771e965c822a912fe71c17e0b14b7b958f83b0187631ceb793869c7e73d80adf,f536329cc9a1e138737790ea45b81fd76e8f31686140921107bfc81794d51b16
grid17_u5_v7,dense17_midpoint,-0.0075,-0.0015625,-0.018354442382850777,,0.0024772344229394803,41a8d3dad9455ceccfcc8094ed4c7ac6c2e6746269b725a32f4e9f0ff6767cf7,f536329cc9a1e138737790ea45b81fd76e8f31686140921107bfc81794d51b16
grid17_u6_v7,dense17_midpoint,-0.005,-0.0015625,0.004258852356109344,,-0.002234910383663178,1f175590497ed15b4712ee26596ce35d3bbb7908e20a19d0cd0cf73f4e63342e,f536329cc9a1e138737790ea45b81fd76e8f31686140921107bfc81794d51b16
grid17_u7_v7,dense17_midpoint,-0.0025,-0.0015625,0.007707848928895089,,-0.0019264503438489334,5c04bba877b2ae80a19c6900fe4eda78ed416e34f7764b31ac3ed5949c070399,f536329cc9a1e138737790ea45b81fd76e8f31686140921107bfc81794d51b16
grid17_u8_v7,dense17_midpoint,0.0,-0.0015625,0.0023354380482842885,,-0.0015482332006160364,9d55575d7e0d0ee6dc09bbeb05ba6b4995cdd5d876d5c18c99c07c2c8d47aaba,f536329cc9a1e138737790ea45b81fd76e8f31686140921107bfc81794d51b16
grid17_u9_v7,dense17_midpoint,0.0025,-0.0015625,-0.014377924090425154,,-0.002147572733871117,3a7393a5f2a7098e4cf0d002bdfbf1aaec2aa948fe8a9e5322b8c8359d4d86d4,f536329cc9a1e138737790ea45b81fd76e8f31686140921107bfc81794d51b16
grid17_u10_v7,dense17_midpoint,0.005,-0.0015625,-0.04448538722279238,,-0.0007662439550616823,3250d1e4791e9656cf03233fd5aac7ef0d5709eab212701600d3ee24786be93f,f536329cc9a1e138737790ea45b81fd76e8f31686140921107bfc81794d51b16
grid17_u11_v7,dense17_midpoint,0.0075,-0.0015625,-0.08319149495150668,,-0.0034447103722024253,5051ece45ef6263bb3794a2ec56fe65ea21fa47dbd857747e984f8d7b906a577,f536329cc9a1e138737790ea45b81fd76e8f31686140921107bfc81794d51b16
grid17_u12_v7,dense17_midpoint,0.01,-0.0015625,-0.1390454500267424,,0.0001965453465996303,c4ee9dca7805ffc374bc0915bd1c1c7dc66825eba3815b9e5fe24813069b16e7,f536329cc9a1e138737790ea45b81fd76e8f31686140921107bfc81794d51b16
grid17_u13_v7,dense17_midpoint,0.0125,-0.0015625,-0.20489254194089312,,-0.00042653533081668527,82d3d75a50311ba618f9f53372bdd2db515551112bd86ff47fe5f0b8a8c2ff2d,f536329cc9a1e138737790ea45b81fd76e8f31686140921107bfc81794d51b16
grid17_u14_v7,dense17_midpoint,0.015,-0.0015625,-0.2886013979592761,,-2.4360786465282835e-05,ab04b7f2538f6127b8f4e541d3b347047fe8e7a7ab81a5628a7099966cec6203,f536329cc9a1e138737790ea45b81fd76e8f31686140921107bfc81794d51b16
grid17_u15_v7,dense17_midpoint,0.0175,-0.0015625,-0.3831448004643079,,-0.0017094176066537736,db19d64f38813d0e440559638e4dca6f6b5f4f6987fd29389e89cce169cd1136,f536329cc9a1e138737790ea45b81fd76e8f31686140921107bfc81794d51b16
grid17_u16_v7,dense17_midpoint,0.02,-0.0015625,-0.49245885652915433,,0.0011252099308799446,d9a0417e208911cf2dc2d11461c8056c49c6290ddecfa4bb2d8f1d7ca9df422c,f536329cc9a1e138737790ea45b81fd76e8f31686140921107bfc81794d51b16
grid_um_vz,grid,-0.02,0.0,-0.324827128983074,-0.4063470399062991,0.08151991092322514,152df01ed70fcbabfa2effe6f0907ee563c6a3e98cd9e2c5b3989c1262c4c80e,a57deb1eac4ba1c41147a29c94a5057c01296fbcf038e1d17f505a9975b729ff
grid17_u1_v8,dense17_midpoint,-0.0175,0.0,-0.23846649221770377,,-0.006402553836412916,473ad06df10a5d263aa0325f11232ba5a1e4520ab68d767e384b7d58be1e6aaf,f536329cc9a1e138737790ea45b81fd76e8f31686140921107bfc81794d51b16
grid9_u1_v4,dense9_refinement,-0.015,0.0,-0.17034042920460735,-0.22914215456392656,0.05880172535931921,970d3a91bd2cf93c22863faa0d8fed72417a8b85ae8e261ea80c6a78187e547d,baac7ad142006a135cc82610a4332a55ac7e67b209da441ae99abbedba38f7aa
grid17_u3_v8,dense17_midpoint,-0.0125,0.0,-0.10453727754367037,,0.00037441527550294285,1abf8a29a8bd426ff4915ff345865f1e7d0ba6bdeabd72f6996f95cb70315bec,f536329cc9a1e138737790ea45b81fd76e8f31686140921107bfc81794d51b16
hold_um,axial_holdout,-0.01,0.0,-0.05261157977098918,-0.10234935279875255,0.049737773027763374,f9735a3e0032b7f107ded2a14102e7e113692a673be6e26acc363347018c6cbc,a57deb1eac4ba1c41147a29c94a5057c01296fbcf038e1d17f505a9975b729ff
grid17_u5_v8,dense17_midpoint,-0.0075,0.0,-0.0219276029485016,,0.0011329419703994363,cce514a5a69f0da9e0b3f7cc780a0008f660ba31c728a9b1afefe821225ecdb9,f536329cc9a1e138737790ea45b81fd76e8f31686140921107bfc81794d51b16
grid9_u3_v4,dense9_refinement,-0.005,0.0,-0.004622659956154962,-0.025968634610777017,0.021345974654622055,604e970d93e7bf8b55c135b02496e1161b4c013d85c83286164bd22fb5fc0989,baac7ad142006a135cc82610a4332a55ac7e67b209da441ae99abbedba38f7aa
grid17_u7_v8,dense17_midpoint,-0.0025,0.0,0.006427591340063543,,-0.004006288086872031,608ef863ce07d70c73ed69d8432c416ba69d87462191953b64ddb073cda12084,f536329cc9a1e138737790ea45b81fd76e8f31686140921107bfc81794d51b16
center,center,0.0,0.0,0.0,0.0,0.0,66e9ddf2bf5ee1f3f510bf71b8ec8dea2e05ae3d8be60e9593e741a87dabcfe5,a57deb1eac4ba1c41147a29c94a5057c01296fbcf038e1d17f505a9975b729ff
grid17_u9_v8,dense17_midpoint,0.0025,0.0,-0.012199976972659954,,-0.004282214085115053,6f1a0561030fb27b70b56d69398af7aba18bfd530d3b6a2ee32727f94c2286f7,f536329cc9a1e138737790ea45b81fd76e8f31686140921107bfc81794d51b16
grid9_u5_v4,dense9_refinement,0.005,0.0,-0.04594688344461417,-0.024443448966421494,-0.021503434478192678,0deea5baab7069d8aea5667b230c70b57223cb04bbcd8fc6d61747306db6a228,baac7ad142006a135cc82610a4332a55ac7e67b209da441ae99abbedba38f7aa
grid17_u11_v8,dense17_midpoint,0.0075,0.0,-0.08535386902774889,,-0.0021152163683159086,208893091de5f039020261e60f5f2fbbdf8f6a4a143494e5a0a5d7fcdedfac59,f536329cc9a1e138737790ea45b81fd76e8f31686140921107bfc81794d51b16
hold_up,axial_holdout,0.01,0.0,-0.14195159301522153,-0.09929898151004149,-0.042652611505180044,0b647f6cc548a7e5ea4ddec693b90557d2b2895cf68a976f3890a5d5b7e77bf4,a57deb1eac4ba1c41147a29c94a5057c01296fbcf038e1d17f505a9975b729ff
grid17_u13_v8,dense17_midpoint,0.0125,0.0,-0.2075773687941762,,-0.002349869650272396,ba06c68a459f7d20791a74cd7203a703a49895889bbbb73d88251d34c38da679,f536329cc9a1e138737790ea45b81fd76e8f31686140921107bfc81794d51b16
grid9_u7_v4,dense9_refinement,0.015,0.0,-0.2923254601565617,-0.22456659763085995,-0.06775886252570174,b4331333ebd8a7f9a4715529e4b474b3f38d2cbc43b0aff5437905682b8aac99,baac7ad142006a135cc82610a4332a55ac7e67b209da441ae99abbedba38f7aa
grid17_u15_v8,dense17_midpoint,0.0175,0.0,-0.38223041142337877,,-0.004927389529663484,50407b005c70e3c8f0a8463851ebb8c946e12d41320d0f3432bade1014369c1f,f536329cc9a1e138737790ea45b81fd76e8f31686140921107bfc81794d51b16
grid_up_vz,grid,0.02,0.0,-0.49078556730197676,-0.40024629732887707,-0.09053926997309969,8979abe791b1a78900d5b40ae209e40750be2cf12ec49ef6e85e70d81d202ad0,a57deb1eac4ba1c41147a29c94a5057c01296fbcf038e1d17f505a9975b729ff
grid17_u0_v9,dense17_midpoint,-0.02,0.0015625,-0.3219535143257346,,4.747811760896781e-05,66dddd106bf0e3d840f45f6dbddf4a665cd1efaae60ba5dfcab2d97268fcdf66,f536329cc9a1e138737790ea45b81fd76e8f31686140921107bfc81794d51b16
grid17_u1_v9,dense17_midpoint,-0.0175,0.0015625,-0.23430732821072553,,-0.006399902794515883,681e7b2813947f9a4c48ffa3baae682f48425d752eacdcde6adc08a043ba9011,f536329cc9a1e138737790ea45b81fd76e8f31686140921107bfc81794d51b16
grid17_u2_v9,dense17_midpoint,-0.015,0.0015625,-0.16591023235612568,,-0.0012307266975482567,6631c7434358906fe1347e4b1c808442b6854839d9ae587613daff922a1d6db0,f536329cc9a1e138737790ea45b81fd76e8f31686140921107bfc81794d51b16
grid17_u3_v9,dense17_midpoint,-0.0125,0.0015625,-0.1041783830597609,,0.0014479027617480128,692d1b9a1fa90f01052d01e46f3bc1e67df8416b967211ec2f99626173337567,f536329cc9a1e138737790ea45b81fd76e8f31686140921107bfc81794d51b16
grid17_u4_v9,dense17_midpoint,-0.01,0.0015625,-0.05693452653687814,,0.0012824575296548416,6e9ee581ed16f9d4a4503abab39279d156fe831151b70f6f35d81176f840177c,f536329cc9a1e138737790ea45b81fd76e8f31686140921107bfc81794d51b16
grid17_u5_v9,dense17_midpoint,-0.0075,0.0015625,-0.023037315498797284,,0.0018001625559236761,863d10629513961357c3988ee553956bf2671462c0d59fafde69c650fc99b0f1,f536329cc9a1e138737790ea45b81fd76e8f31686140921107bfc81794d51b16
grid17_u6_v9,dense17_midpoint,-0.005,0.0015625,-0.0020970249110519035,,-0.00150723815167358,d50641446cb597f1cf9ff37a7509ab926e89f23004156bd7b7d5e67b6b97bd4a,f536329cc9a1e138737790ea45b81fd76e8f31686140921107bfc81794d51b16
grid17_u7_v9,dense17_midpoint,-0.0025,0.0015625,0.008392139019264278,,-0.0018051260124599868,f4c80c0cc0fef73aba389062ec834f96fa845b7b6704669b0d91cf085c6f4133,f536329cc9a1e138737790ea45b81fd76e8f31686140921107bfc81794d51b16
grid17_u8_v9,dense17_midpoint,0.0,0.0015625,0.007860633027156894,,-0.002162258474138269,f35157d6c7fa049697c698f03b980fa7f5212386a4d1510a6527362aa91a7677,f536329cc9a1e138737790ea45b81fd76e8f31686140921107bfc81794d51b16
grid17_u9_v9,dense17_midpoint,0.0025,0.0015625,-0.010069693745506925,,-0.0024722590034329875,34e89d6dbe7fac3cbbf1ddcd0c80389683d605b08f1f30a016cd750cc34103ec,f536329cc9a1e138737790ea45b81fd76e8f31686140921107bfc81794d51b16
grid17_u10_v9,dense17_midpoint,0.005,0.0015625,-0.0431933843181298,,-0.00042766796588306066,bbccc2bbe59c5cfefcf21bc84c8237de77ac40f24fe398a7754bc548f54bbe57,f536329cc9a1e138737790ea45b81fd76e8f31686140921107bfc81794d51b16
grid17_u11_v9,dense17_midpoint,0.0075,0.0015625,-0.08562255472188696,,-0.0011582793650692785,b38c4d408a8d2d36b9636e1bdaa1a1d9eb3dd2c2c88fff4419c0bd9f284dd7f2,f536329cc9a1e138737790ea45b81fd76e8f31686140921107bfc81794d51b16
grid17_u12_v9,dense17_midpoint,0.01,0.0015625,-0.1402037536157863,,-0.0010038329478407881,1d4b4830847273cba67c5a3c18cf14953143aea917ef2857a65f3da66ee8f418,f536329cc9a1e138737790ea45b81fd76e8f31686140921107bfc81794d51b16
grid17_u13_v9,dense17_midpoint,0.0125,0.0015625,-0.20809346876138335,,0.0011046579715148497,31b183b3e533835bf0b54c66cb0fd9ea08aa2bf98f131d47791f50a627ca23fa,f536329cc9a1e138737790ea45b81fd76e8f31686140921107bfc81794d51b16
grid17_u14_v9,dense17_midpoint,0.015,0.0015625,-0.28793541236904474,,-0.0007002966028683555,4c72e59b7c72f7be8f81087e3819ec32817aca64bac4086769287e7e27c81b8b,f536329cc9a1e138737790ea45b81fd76e8f31686140921107bfc81794d51b16
grid17_u15_v9,dense17_midpoint,0.0175,0.0015625,-0.38120356853532655,,-0.0010254989361772049,fdcc15e3f1d63f984da1360d8fbddbf384f4cc04fd2dc1974d56898b0193588a,f536329cc9a1e138737790ea45b81fd76e8f31686140921107bfc81794d51b16
grid17_u16_v9,dense17_midpoint,0.02,0.0015625,-0.486976642176451,,0.0018830827002370154,0d1ee657f9a9732dd0e0e3a65e86cfe383a703600d734d687a9f83f1103a4a97,f536329cc9a1e138737790ea45b81fd76e8f31686140921107bfc81794d51b16
grid9_u0_v5,dense9_refinement,-0.02,0.003125,-0.3161678601291129,-0.39920195187938845,0.08303409175027554,2ba609dbf516c692176696e2c90b67748cee12dc9c6918894cc0f918519fbdfb,baac7ad142006a135cc82610a4332a55ac7e67b209da441ae99abbedba38f7aa
grid17_u1_v10,dense17_midpoint,-0.0175,0.003125,-0.22798510088506418,,-0.006979011039467714,4e52e48921acdecb425704eed29db8a0544dbd1b2f3994be674a837886e7c49f,f536329cc9a1e138737790ea45b81fd76e8f31686140921107bfc81794d51b16
grid9_u1_v5,dense9_refinement,-0.015,0.003125,-0.1614278682868786,-0.2219970665370158,0.06056919825013721,a485b89b86f3ed53c8011f03e1a8ba58b0e44ef8965255b3b373718a04a1776a,baac7ad142006a135cc82610a4332a55ac7e67b209da441ae99abbedba38f7aa
grid17_u3_v10,dense17_midpoint,-0.0125,0.003125,-0.10280991039390841,,0.00029466099178938887,29bf954ffbe4f174679a9265bd876739928cd9b4f9c2c97d02d6a333b165836f,f536329cc9a1e138737790ea45b81fd76e8f31686140921107bfc81794d51b16
grid9_u2_v5,dense9_refinement,-0.01,0.003125,-0.05690629230858946,-0.09520426477184181,0.03829797246325235,5a1dfd77221526b3405bc842e568ad9aa511d1a4dc08c55e8ea284a9fe599304,baac7ad142006a135cc82610a4332a55ac7e67b209da441ae99abbedba38f7aa
grid17_u5_v10,dense17_midpoint,-0.0075,0.003125,-0.01882732315561242,,-0.0022944274404396656,ea7d309008392e54239c93387eea6bd985186d0a2f76ac661c589a0919980e3e,f536329cc9a1e138737790ea45b81fd76e8f31686140921107bfc81794d51b16
grid9_u3_v5,dense9_refinement,-0.005,0.003125,0.0032481290332952995,-0.018823546583866282,0.02207167561716158,1663319fde400688118e2c604d3ce4ec97b4e9ad8556f48e405a30645bb3f587,baac7ad142006a135cc82610a4332a55ac7e67b209da441ae99abbedba38f7aa
grid17_u7_v10,dense17_midpoint,-0.0025,0.003125,0.01413892366919356,,0.002540696724579985,72f59d91e8cfe2a802786c24cc1376d0bea453dd9a50cc26531e0a067057c7c3,f536329cc9a1e138737790ea45b81fd76e8f31686140921107bfc81794d51b16
grid9_u4_v5,dense9_refinement,0.0,0.003125,0.014319706822973899,0.007145088026910735,0.007174618796063164,26e0bb5d96cc3efb091d2a44246f242f1f87745a02f4ab29489425da4633669a,baac7ad142006a135cc82610a4332a55ac7e67b209da441ae99abbedba38f7aa
grid17_u9_v10,dense17_midpoint,0.0025,0.003125,-0.004619452187881734,,-0.001051291804727801,0cb54ebe2d7321bb091eeea0078d67412a66ebb4fd6af1deda2e90b65c973e48,f536329cc9a1e138737790ea45b81fd76e8f31686140921107bfc81794d51b16
grid9_u5_v5,dense9_refinement,0.005,0.003125,-0.03802391543228367,-0.017298360939510756,-0.020725554492772916,65a744423622e5ac91aafaead7f4e5906e211c550847a08b87f1d2f79aecd19f,baac7ad142006a135cc82610a4332a55ac7e67b209da441ae99abbedba38f7aa
grid17_u11_v10,dense17_midpoint,0.0075,0.003125,-0.08104712630352395,,-0.00026309953036858513,b4dcf70bb775fbc3729c2d95f3e8ae15e55b0af378ca2a39217c34d2867ebc2f,f536329cc9a1e138737790ea45b81fd76e8f31686140921107bfc81794d51b16
grid9_u6_v5,dense9_refinement,0.01,0.003125,-0.1358922235228377,-0.09215389348313077,-0.043738330039706924,a91facc643ad05f4c1c0b1674c05afc34fa9d9f00bc0d638cdafafc8bd585571,baac7ad142006a135cc82610a4332a55ac7e67b209da441ae99abbedba38f7aa
grid17_u13_v10,dense17_midpoint,0.0125,0.003125,-0.20318049579959307,,0.001357681235597319,b7c81909c7845c659e33e3e8ca5ec5aa185daca0e87c40d05d57fe891ee03c5f,f536329cc9a1e138737790ea45b81fd76e8f31686140921107bfc81794d51b16
grid9_u7_v5,dense9_refinement,0.015,0.003125,-0.280836548942176,-0.21742150960394924,-0.06341503933822679,a26ead617208a8f6d718e926cfd1d0e6a5511bf8a75b116ad2eeae83a4ca6bf7,baac7ad142006a135cc82610a4332a55ac7e67b209da441ae99abbedba38f7aa
grid17_u15_v10,dense17_midpoint,0.0175,0.003125,-0.3735949269154659,,-0.0015842972664534827,a151fe30ea51c18639eb49277139581e55343851466802cc1fa29cb093d0af2f,f536329cc9a1e138737790ea45b81fd76e8f31686140921107bfc81794d51b16
grid9_u8_v5,dense9_refinement,0.02,0.003125,-0.47741017459213,-0.3931012093019663,-0.08430896529016368,691a9218daba72dfd06aceba1213c9755e10fbbcca63c1b05efdf7f08092aae1,baac7ad142006a135cc82610a4332a55ac7e67b209da441ae99abbedba38f7aa
grid17_u0_v11,dense17_midpoint,-0.02,0.0046875,-0.3069863442810572,,-0.0009218718094824996,c8c2facd307ada1581c68dda45ce1968eb7ad158f46041cc20f8c29081359167,f536329cc9a1e138737790ea45b81fd76e8f31686140921107bfc81794d51b16
grid17_u1_v11,dense17_midpoint,-0.0175,0.0046875,-0.21980863951753804,,-0.006878741131975674,942bf614d0ca85580c5de6a9a1a2611b0a25a659349c0b0df57a18fff3706683,f536329cc9a1e138737790ea45b81fd76e8f31686140921107bfc81794d51b16
grid17_u2_v11,dense17_midpoint,-0.015,0.0046875,-0.15151710616567726,,-0.0018334511143857368,39d081a31a56dad17161e2204ad11a5b37c853be6f1314931b73114356472c87,f536329cc9a1e138737790ea45b81fd76e8f31686140921107bfc81794d51b16
grid17_u3_v11,dense17_midpoint,-0.0125,0.0046875,-0.1001120795063315,,0.0041326850641330015,2d74d0028a3c41921b7d9dac5624c1120a19c13dd169c1c8159b614b26f55db4,f536329cc9a1e138737790ea45b81fd76e8f31686140921107bfc81794d51b16
grid17_u4_v11,dense17_midpoint,-0.01,0.0046875,-0.04734607241552169,,-0.003781017840893651,20b885e40d9d46f7c27383c29729ce3e6fab94101fdcf57c41c81b548c1d1956,f536329cc9a1e138737790ea45b81fd76e8f31686140921107bfc81794d51b16
grid17_u5_v11,dense17_midpoint,-0.0075,0.0046875,-0.009357848084867726,,-0.0039022735213089556,1d6c05b3073caa83fd52d63c6cb932fba62ca52c64dbf28e434efaf15dae1186,f536329cc9a1e138737790ea45b81fd76e8f31686140921107bfc81794d51b16
grid17_u6_v11,dense17_midpoint,-0.005,0.0046875,0.01210832669507056,,0.0023530072794473687,2cf5bfd039fc774f1532a2804b9d46961850921a5ccbdf99af1ab728d00cc3ca,f536329cc9a1e138737790ea45b81fd76e8f31686140921107bfc81794d51b16
grid17_u7_v11,dense17_midpoint,-0.0025,0.0046875,0.022777909870264068,,0.00079903526121421,02b4318133cb0173daec2fa6014ae2bffb76feb683baca99619a1d2ccaa627f2,f536329cc9a1e138737790ea45b81fd76e8f31686140921107bfc81794d51b16
grid17_u8_v11,dense17_midpoint,0.0,0.0046875,0.022317561312767964,,-0.000132933468600549,f14b1551f35aabf71fbcb1144ee64adb552586a537c59da6dc8a63380f49fa02,f536329cc9a1e138737790ea45b81fd76e8f31686140921107bfc81794d51b16
grid17_u9_v11,dense17_midpoint,0.0025,0.0046875,0.00017172370370133194,,0.0027060839396205057,616d3cfd889ac0e24ef78528c033a44990f4eff992b2b560982e8c7d4280e9da,f536329cc9a1e138737790ea45b81fd76e8f31686140921107bfc81794d51b16
grid17_u10_v11,dense17_midpoint,0.005,0.0046875,-0.031464057462571304,,0.002595981974463528,c355a4032fa2bf7162560447cd88aec8ae4c95522f54e2b5bc68b35a1a5ee2f3,f536329cc9a1e138737790ea45b81fd76e8f31686140921107bfc81794d51b16
grid17_u11_v11,dense17_midpoint,0.0075,0.0046875,-0.07211709626187002,,0.0009872915991942371,6f12af604f6d20765dee12b35a2848b8844e9322426272bdff5caaf59fd1e775,f536329cc9a1e138737790ea45b81fd76e8f31686140921107bfc81794d51b16
grid17_u12_v11,dense17_midpoint,0.01,0.0046875,-0.12315165756060509,,-0.0021151893586126846,67a6e25a2c078d9b36ed73d529b40058f5dabe4103fba486bcd5569264320c3e,f536329cc9a1e138737790ea45b81fd76e8f31686140921107bfc81794d51b16
grid17_u13_v11,dense17_midpoint,0.0125,0.0046875,-0.19464082608600108,,-5.099922309759197e-05,321664283065aec3187019e13a496d20d094d8498013102051d6c461383291c2,f536329cc9a1e138737790ea45b81fd76e8f31686140921107bfc81794d51b16
grid17_u14_v11,dense17_midpoint,0.015,0.0046875,-0.2743035220573731,,0.00048428283391688254,307929d5d3ef669efc729fde77e9a4bb40c48e2f83ea23253d486de4b66aa8a3,f536329cc9a1e138737790ea45b81fd76e8f31686140921107bfc81794d51b16
grid17_u15_v11,dense17_midpoint,0.0175,0.0046875,-0.3677120579297366,,-0.0009039193241494603,fb6b5cf5d4c6d315367a5dc8a514735b0f1b19fa51183003769307ccf55f93b7,f536329cc9a1e138737790ea45b81fd76e8f31686140921107bfc81794d51b16
grid17_u16_v11,dense17_midpoint,0.02,0.0046875,-0.47151181765325845,,0.0012105371990702163,917da10e11dfd5fc2441cadaecae5427a944691bd7b850d2569bf6a1c98db8aa,f536329cc9a1e138737790ea45b81fd76e8f31686140921107bfc81794d51b16
grid5_u0_v3,offaxis_refinement,-0.02,0.00625,-0.2964608729421059,-0.3795794378715957,0.08311856492948982,6fb790e0f2daa54f7f2180be24fba7edf6b2979580706900a7f8b2ec3d4481a7,a317c672932f4e4a37e20f0f2361a802a1359401cdc6cfbbeb652f43bf6dc2e2
grid17_u1_v12,dense17_midpoint,-0.0175,0.00625,-0.21191622597438453,,-0.0033966202710204174,505ef0d0558f6bf38932d3c24d418126f69c115371e2ff6e614c6f2be313548d,f536329cc9a1e138737790ea45b81fd76e8f31686140921107bfc81794d51b16
grid9_u1_v6,dense9_refinement,-0.015,0.00625,-0.1424196744999051,-0.20237455252922307,0.059954878029317954,f71592d80a5fbe50bdfc47286bc2fb2cdd371ac5eb682f145ce370e68ba426e1,baac7ad142006a135cc82610a4332a55ac7e67b209da441ae99abbedba38f7aa
grid17_u3_v12,dense17_midpoint,-0.0125,0.00625,-0.08785187392934546,,0.0029453677756543645,9321cf117cebd1356a80ea6b20c5d2f9747e38564672d8e633b82cee0ab45eb1,f536329cc9a1e138737790ea45b81fd76e8f31686140921107bfc81794d51b16
grid5_u1_v3,offaxis_refinement,-0.01,0.00625,-0.03962375094435089,-0.07558175076404906,0.035957999819698175,3c3f3af3c2af6422babc6943c2b98f9db5b6a2740948ad6daf077b2a81bf7822,a317c672932f4e4a37e20f0f2361a802a1359401cdc6cfbbeb652f43bf6dc2e2
grid17_u5_v12,dense17_midpoint,-0.0075,0.00625,0.003114039411222791,,-0.002781477455783916,fe2368664bee39c3acb54795796a86a26b9e419fcaf89ccd3164e8c6baecad8f,f536329cc9a1e138737790ea45b81fd76e8f31686140921107bfc81794d51b16
grid9_u3_v6,dense9_refinement,-0.005,0.00625,0.027030502271152557,0.0007989674239264554,0.026231534847226103,54745dbe48fee382d96f5fd00d6d32f201e0cb97f2559a55be22a740ae97b9da,baac7ad142006a135cc82610a4332a55ac7e67b209da441ae99abbedba38f7aa
grid17_u7_v12,dense17_midpoint,-0.0025,0.00625,0.031491842531927716,,0.003630480179321535,69c832557071cefe6a120696c65a336c83047df01a146d3b3941b3a246318704,f536329cc9a1e138737790ea45b81fd76e8f31686140921107bfc81794d51b16
hold_vp,axial_holdout,0.0,0.00625,0.030622706161942403,0.026767602034703474,0.0038551041272389293,64b062d3b0a734f5af9f5f82c54253bf06ba09876988863c22c86e6eb0dac0ce,a57deb1eac4ba1c41147a29c94a5057c01296fbcf038e1d17f505a9975b729ff
grid17_u9_v12,dense17_midpoint,0.0025,0.00625,0.010949365666590438,,0.0018381658441973744,8461e7b38f2c5bdf8360237d7ec507892d4a60cdefc950cf944489733705f0d9,f536329cc9a1e138737790ea45b81fd76e8f31686140921107bfc81794d51b16
grid9_u5_v6,dense9_refinement,0.005,0.00625,-0.017905605434798133,0.0023241530682819806,-0.020229758503080113,cf4335de0ce56b51fe5839c8de85162a282a113b62e67398df698fa04afa6f40,baac7ad142006a135cc82610a4332a55ac7e67b209da441ae99abbedba38f7aa
grid17_u11_v12,dense17_midpoint,0.0075,0.00625,-0.06171547166999858,,0.0027345187425757006,ba9cf8dd5131e9d56f2dac34bb7752af6c608be4d17dec27eab56f2881b7248a,f536329cc9a1e138737790ea45b81fd76e8f31686140921107bfc81794d51b16
grid5_u3_v3,offaxis_refinement,0.01,0.00625,-0.1122496884633506,-0.07253137947533803,-0.03971830898801257,3daadf62c8496ff23be94b65e7357452dde89190d86e559f5eceb69c4b6e735f,a317c672932f4e4a37e20f0f2361a802a1359401cdc6cfbbeb652f43bf6dc2e2
grid17_u13_v12,dense17_midpoint,0.0125,0.00625,-0.18417640589962758,,0.002567563010471202,466b60abb824a81a563819a63a7071e40ffac358d145c9e0367b208da54303a0,f536329cc9a1e138737790ea45b81fd76e8f31686140921107bfc81794d51b16
grid9_u7_v6,dense9_refinement,0.015,0.00625,-0.2651801673838605,-0.1977989955961565,-0.06738117178770403,70bd2dc35940cf0af25a7b16d76444afb51e2eb27de698c971ec78f4483ea628,baac7ad142006a135cc82610a4332a55ac7e67b209da441ae99abbedba38f7aa
grid17_u15_v12,dense17_midpoint,0.0175,0.00625,-0.3555555172187752,,-0.0035177780017017213,de73c7388aaea71c6ef4a2bf76600e61f3ada1b30c6943d687766c4b80e0d1fc,f536329cc9a1e138737790ea45b81fd76e8f31686140921107bfc81794d51b16
grid5_u4_v3,offaxis_refinement,0.02,0.00625,-0.45984171954405184,-0.3734786952941736,-0.08636302424987824,abb64fe47da8fa375d7b4046372349d735bf1d05f8fcf1c85f799d3815bf6864,a317c672932f4e4a37e20f0f2361a802a1359401cdc6cfbbeb652f43bf6dc2e2
grid17_u0_v13,dense17_midpoint,-0.02,0.0078125,-0.2763994872791997,,-0.004622747474343103,48917ec2f32b04c2d2f1c7927709ca8c9cbbc6bb8833e4f2122445e1c8cc4ea4,f536329cc9a1e138737790ea45b81fd76e8f31686140921107bfc81794d51b16
grid17_u1_v13,dense17_midpoint,-0.0175,0.0078125,-0.20078832112702116,,0.0002450694195304526,e64455bb35ac85ff9c6518ca197f1079b1e98d2926bb34db62cea86a70440105,f536329cc9a1e138737790ea45b81fd76e8f31686140921107bfc81794d51b16
grid17_u2_v13,dense17_midpoint,-0.015,0.0078125,-0.1286487914304857,,0.0002442896926934113,7b9896b8f363412e4898d7509ac8a9e56e497da7536ae0a23113672e8486a96d,f536329cc9a1e138737790ea45b81fd76e8f31686140921107bfc81794d51b16
grid17_u3_v13,dense17_midpoint,-0.0125,0.0078125,-0.07368734717694281,,0.0023054531269677686,0868617a1a27fc4af178082078894bec62d348ee9186d1f70cbb8f3a2b7ee4a8,f536329cc9a1e138737790ea45b81fd76e8f31686140921107bfc81794d51b16
grid17_u4_v13,dense17_midpoint,-0.01,0.0078125,-0.024210504895094687,,-4.806145237799819e-05,914d920f215e2b7ddb7c2e6e6256dcf6e9c8fc319c526bbfb68a6413c29993b7,f536329cc9a1e138737790ea45b81fd76e8f31686140921107bfc81794d51b16
grid17_u5_v13,dense17_midpoint,-0.0075,0.0078125,0.01523811807491171,,-0.0037058585841428984,6b0c4c3bea69ed82a2d5c27c167444a94ca23e142d3ea01fa31878c0e4863b3f,f536329cc9a1e138737790ea45b81fd76e8f31686140921107bfc81794d51b16
grid17_u6_v13,dense17_midpoint,-0.005,0.0078125,0.0402404302182191,,-0.0017922779132917982,4a3f6b7e5c0d5ac42cc1c3453d78900fcfba140b3efb0ae539fd28716550fb76,f536329cc9a1e138737790ea45b81fd76e8f31686140921107bfc81794d51b16
grid17_u7_v13,dense17_midpoint,-0.0025,0.0078125,0.045766889196663385,,0.0006330676943411412,ffcfdbebecc2a4d6e17f6d6cb234f3112be303fe1099fed77a722ee1a56d729d,f536329cc9a1e138737790ea45b81fd76e8f31686140921107bfc81794d51b16
grid17_u8_v13,dense17_midpoint,0.0,0.0078125,0.04017788798371669,,0.0008559339519564127,5ea7d330bd58ad713c0b8d18227fd41d5ad940ac2929b56e124481506fc2b227,f536329cc9a1e138737790ea45b81fd76e8f31686140921107bfc81794d51b16
grid17_u9_v13,dense17_midpoint,0.0025,0.0078125,0.025602133221447332,,-0.0023745520473359358,eee267a8e982f969057906893c5d8aa11c3b74b1f3afaff282efdc4670753407,f536329cc9a1e138737790ea45b81fd76e8f31686140921107bfc81794d51b16
grid17_u10_v13,dense17_midpoint,0.005,0.0078125,-0.007518508810200331,,0.0021785830827507884,d255ecc55c99c6480c7d6837c93d859da7a9ffe7ddf64e2a934c84e018f304d0,f536329cc9a1e138737790ea45b81fd76e8f31686140921107bfc81794d51b16
grid17_u11_v13,dense17_midpoint,0.0075,0.0078125,-0.04831248086745177,,0.0009406619109917427,e8b8ec29b55782fe8920a9e21e3398a9235b18f9ed971e728564cd78157c6ac7,f536329cc9a1e138737790ea45b81fd76e8f31686140921107bfc81794d51b16
grid17_u12_v13,dense17_midpoint,0.01,0.0078125,-0.10195894981723796,,0.001446832197008252,70296502eda73139c2bc516a430f11a6664ac2cd35d722ebc1da439deaf25954,f536329cc9a1e138737790ea45b81fd76e8f31686140921107bfc81794d51b16
grid17_u13_v13,dense17_midpoint,0.0125,0.0078125,-0.16880903422578086,,-0.0016055082879814497,3ff5c92f0c31aafd1b552260730b71d75465ccffcef6061ded50a0da3be7a47f,f536329cc9a1e138737790ea45b81fd76e8f31686140921107bfc81794d51b16
grid17_u14_v13,dense17_midpoint,0.015,0.0078125,-0.25291051494313876,,0.0021419129185966668,f47a1f9a77032f918a28a3845bf37fd2f8ff47311f63ef18aee51ac21be37b88,f536329cc9a1e138737790ea45b81fd76e8f31686140921107bfc81794d51b16
grid17_u15_v13,dense17_midpoint,0.0175,0.0078125,-0.3389270985918458,,-0.0037238489588714008,436f91723f374731dac422ca89f63f0aac7b15c0065e1733ce4e6476b744d826,f536329cc9a1e138737790ea45b81fd76e8f31686140921107bfc81794d51b16
grid17_u16_v13,dense17_midpoint,0.02,0.0078125,-0.43872648642739875,,-0.0036037445099863508,22031a89fc3a684a6ac5ce6cad87c7ea714dc61a82bb471e7d7ebd1ac6582eb5,f536329cc9a1e138737790ea45b81fd76e8f31686140921107bfc81794d51b16
grid9_u0_v7,dense9_refinement,-0.02,0.009375,-0.2619476457086378,-0.34747949788292093,0.08553185217428311,dbb9468f87ae6ec4558ebc69164fe08c792fd13702225e14ffb21deb0d0d53d7,baac7ad142006a135cc82610a4332a55ac7e67b209da441ae99abbedba38f7aa
grid17_u1_v14,dense17_midpoint,-0.0175,0.009375,-0.18487941129752272,,0.0029110916505171447,93672dc90ce8575b7961b079903092e73de12062a8adcc01404d5b30861be231,f536329cc9a1e138737790ea45b81fd76e8f31686140921107bfc81794d51b16
grid9_u1_v7,dense9_refinement,-0.015,0.009375,-0.11105819681667128,-0.17027461254054835,0.059216415723877064,d3f4752af0c4f2d051565edcf1c54ae77b19d5a17d666748f45b0327df0120d3,baac7ad142006a135cc82610a4332a55ac7e67b209da441ae99abbedba38f7aa
grid17_u3_v14,dense17_midpoint,-0.0125,0.009375,-0.056239278475089804,,0.0028845736782601855,bdff7a1f4f0995a300d67087f18f816d714eeebed3ef2240e0848d5a6c67154c,f536329cc9a1e138737790ea45b81fd76e8f31686140921107bfc81794d51b16
grid9_u2_v7,dense9_refinement,-0.01,0.009375,-0.006367511941718362,-0.043481810775374344,0.03711429883365598,7a3573a0ee10e04679c9bd45e5434f38d927f841a9ff994d18e5812315785fef,baac7ad142006a135cc82610a4332a55ac7e67b209da441ae99abbedba38f7aa
grid17_u5_v14,dense17_midpoint,-0.0075,0.009375,0.031096759173898647,,-0.0021524816751599465,0215c6221917de609c56b579dd926f81a621864db0a1333a4e771fde83cfc31c,f536329cc9a1e138737790ea45b81fd76e8f31686140921107bfc81794d51b16
grid9_u3_v7,dense9_refinement,-0.005,0.009375,0.05246118639679054,0.03289890741260118,0.019562278984189357,5c71646dfbf6345a82881b8e8e0ce41b731418cfcd8c88b551dde769fc1b1373,baac7ad142006a135cc82610a4332a55ac7e67b209da441ae99abbedba38f7aa
grid17_u7_v14,dense17_midpoint,-0.0025,0.009375,0.06343541929343388,,-0.0021845482185346293,eb255a9d0819ec4bcbf70cd23ca7ec868d1c38b0ad1882dc651a3eba4acc7dd1,f536329cc9a1e138737790ea45b81fd76e8f31686140921107bfc81794d51b16
grid9_u4_v7,dense9_refinement,0.0,0.009375,0.05528072785843108,0.058867542023378204,-0.003586814164947126,afa35c87a0ac4e22d99871648d41b9cc7d6c9fac9ef30dde3f58e88afc2dc4a1,baac7ad142006a135cc82610a4332a55ac7e67b209da441ae99abbedba38f7aa
grid17_u9_v14,dense17_midpoint,0.0025,0.009375,0.039542029509398446,,-0.0004944748990027698,08a26b4c1ea8624d0f93e18378224f663673c1a035869177f76c7a2f06c16a8c,f536329cc9a1e138737790ea45b81fd76e8f31686140921107bfc81794d51b16
grid9_u5_v7,dense9_refinement,0.005,0.009375,0.010936373458392268,0.03442409305695671,-0.023487719598564445,28600eb3416acb9afac29978c6cedf6344ac313b72135ee2db47bfb91f6fc937,baac7ad142006a135cc82610a4332a55ac7e67b209da441ae99abbedba38f7aa
grid17_u11_v14,dense17_midpoint,0.0075,0.009375,-0.030384554450257895,,-0.0005928823682498155,077445b96276790ea3e9b53fad73ebe564942440ca25e38ad033927a84652aac,f536329cc9a1e138737790ea45b81fd76e8f31686140921107bfc81794d51b16
grid9_u6_v7,dense9_refinement,0.01,0.009375,-0.08579029749888889,-0.04043143948666329,-0.0453588580122256,2bcaf5804cbed04aa6985a99051429df1f5c1981dcc93f4ad5789cde3bcce85d,baac7ad142006a135cc82610a4332a55ac7e67b209da441ae99abbedba38f7aa
grid17_u13_v14,dense17_midpoint,0.0125,0.009375,-0.15097900645422158,,-0.00139126499906006,d98455f41f73b59fe79ef99b68db852aac3157bd856f015d59057528fdba0ff9,f536329cc9a1e138737790ea45b81fd76e8f31686140921107bfc81794d51b16
grid9_u7_v7,dense9_refinement,0.015,0.009375,-0.23131902244521996,-0.16569905560748177,-0.06561996683773819,b72b66704532a6018fab63acc23893e2ca7eefdbde6f975ced80622107d3d668,baac7ad142006a135cc82610a4332a55ac7e67b209da441ae99abbedba38f7aa
grid17_u15_v14,dense17_midpoint,0.0175,0.009375,-0.32065840843120696,,-0.0017885315249990263,09d5ed84cb2f72d2305d7ddc3d78e9300b2017e92a82415a072dd71c6b52edb4,f536329cc9a1e138737790ea45b81fd76e8f31686140921107bfc81794d51b16
grid9_u8_v7,dense9_refinement,0.02,0.009375,-0.42084688204990783,-0.3413787553054988,-0.079468126744409,7c400fa0bd19a35e76d6ffc2b351b03030cd3c5ab171cbe7380b11ea97833314,baac7ad142006a135cc82610a4332a55ac7e67b209da441ae99abbedba38f7aa
grid17_u0_v15,dense17_midpoint,-0.02,0.0109375,-0.23905483701902597,,-0.0007210089783926954,c812f9b5890e5b0d3d1e9ebe1d2e31b2297debce18b5f26cf8d25594ab2764c6,f536329cc9a1e138737790ea45b81fd76e8f31686140921107bfc81794d51b16
grid17_u1_v15,dense17_midpoint,-0.0175,0.0109375,-0.16224971364664498,,0.00018475918284879822,ec553ae9ec4a181d63ef88badc7e38e407dc0cb5b92655847a9332516402c406,f536329cc9a1e138737790ea45b81fd76e8f31686140921107bfc81794d51b16
grid17_u2_v15,dense17_midpoint,-0.015,0.0109375,-0.09269329143357652,,0.001295833653063308,c10ef3e5c58e5b0d4031707d9cf752aebaf507f1602b6a4c828b9ee64d49b829,f536329cc9a1e138737790ea45b81fd76e8f31686140921107bfc81794d51b16
grid17_u3_v15,dense17_midpoint,-0.0125,0.0109375,-0.036190295324978194,,0.002589138723156581,7deb7408cd4acdc12011d207d68a7ed404b35af5a4a0877d392b722c3aba65b1,f536329cc9a1e138737790ea45b81fd76e8f31686140921107bfc81794d51b16
grid17_u4_v15,dense17_midpoint,-0.01,0.0109375,0.008066211646173826,,0.004710714256706836,249789f83add26994d6b9101db11868c601e32c81d74d31e5522166cc957fa08,f536329cc9a1e138737790ea45b81fd76e8f31686140921107bfc81794d51b16
grid17_u5_v15,dense17_midpoint,-0.0075,0.0109375,0.04783668859520418,,-0.0006535712869722779,65098ee4870277f6be3e8ddef3081eb2f898b74799556e797a55930c22a4b0ab,f536329cc9a1e138737790ea45b81fd76e8f31686140921107bfc81794d51b16
grid17_u6_v15,dense17_midpoint,-0.005,0.0109375,0.07166038979278255,,-4.540046295953282e-05,26d70a1abfd9950deb3b4fc4a1813981076d0da15ae0987c0ff699fe351b8e44,f536329cc9a1e138737790ea45b81fd76e8f31686140921107bfc81794d51b16
grid17_u7_v15,dense17_midpoint,-0.0025,0.0109375,0.08070277320992858,,-0.0010134335052242455,b4f6a21161f735c4cd9281992cbd61a74040c8d79311f640b25e5a3de9ec5c69,f536329cc9a1e138737790ea45b81fd76e8f31686140921107bfc81794d51b16
grid17_u8_v15,dense17_midpoint,0.0,0.0109375,0.07509957173557069,,0.00021984756235036984,dba4b6225ec078220047839b4ce4fb105a68a4a6b01df36e4eb031fa264ad583,f536329cc9a1e138737790ea45b81fd76e8f31686140921107bfc81794d51b16
grid17_u9_v15,dense17_midpoint,0.0025,0.0109375,0.06094847106297152,,-0.0014571158904223627,a7116ebcf0fd999cc1f74ae3ebb9fcc275ce8508fdd8a16ccbf48c66082ca5db,f536329cc9a1e138737790ea45b81fd76e8f31686140921107bfc81794d51b16
grid17_u10_v15,dense17_midpoint,0.005,0.0109375,0.033323814801811125,,-0.0013819450236720945,ad3f3e40f730a9994fbd3683d9a40111eb40afc9128dd79ca09eb0b016e5d0b0,f536329cc9a1e138737790ea45b81fd76e8f31686140921107bfc81794d51b16
grid17_u11_v15,dense17_midpoint,0.0075,0.0109375,-0.011297549004751772,,0.0015490614661370933,3f832239a899c25fac08720a7f2ae7957ac11793b505343ccbcd3ed57c2af061,f536329cc9a1e138737790ea45b81fd76e8f31686140921107bfc81794d51b16
grid17_u12_v15,dense17_midpoint,0.01,0.0109375,-0.06261662084483532,,-0.0009203068192138036,8c85f9da974707f46321235cef9f28f59cdfe91deb29cf769a913881ea1ffe63,f536329cc9a1e138737790ea45b81fd76e8f31686140921107bfc81794d51b16
grid17_u13_v15,dense17_midpoint,0.0125,0.0109375,-0.1279385700643232,,-0.0015793459347601124,038198ca34520f3f6b5577b70c8691ebf3926c38dfff40f447dd8e1a2da944e9,f536329cc9a1e138737790ea45b81fd76e8f31686140921107bfc81794d51b16
grid17_u14_v15,dense17_midpoint,0.015,0.0109375,-0.20955592131155498,,0.00166658038756054,e29a7835b19cdd89fa6525bca206eb7c0fcfff6cd0fd190e73bbfe0b0a83068b,f536329cc9a1e138737790ea45b81fd76e8f31686140921107bfc81794d51b16
grid17_u15_v15,dense17_midpoint,0.0175,0.0109375,-0.29742287439571413,,-0.0016679384758918059,3320bc8c79eddb7e23906609e65b8b8f89652430f1e803d006996e99ef94907f,f536329cc9a1e138737790ea45b81fd76e8f31686140921107bfc81794d51b16
grid17_u16_v15,dense17_midpoint,0.02,0.0109375,-0.40105554245606356,,0.0017003949852036349,fd66a59761b1aa838a78c1e58cee57a447dfbfb731e7b13f88c313a78b450bac,f536329cc9a1e138737790ea45b81fd76e8f31686140921107bfc81794d51b16
grid_um_vp,grid,-0.02,0.0125,-0.21573627712356824,-0.3029021319133641,0.08716585478979588,6fb50169f2a9c372b1d41f9eb2977ed3517908e30697174dd4b425f1b91cf2c9,a57deb1eac4ba1c41147a29c94a5057c01296fbcf038e1d17f505a9975b729ff
grid17_u1_v16,dense17_midpoint,-0.0175,0.0125,-0.14139676276681,,0.0021607062467306204,5d328d623c3c547ed5ca6bff9c5c8220968cd1a6c27acc2cae1992e1b25d2aaf,f536329cc9a1e138737790ea45b81fd76e8f31686140921107bfc81794d51b16
grid9_u1_v8,dense9_refinement,-0.015,0.0125,-0.06946605941315909,-0.1256972465709916,0.05623118715783251,8e75ece21010313702dd6abfd8d472627e28d58125d42165f75141d8d93317af,baac7ad142006a135cc82610a4332a55ac7e67b209da441ae99abbedba38f7aa
grid17_u3_v16,dense17_midpoint,-0.0125,0.0125,-0.015154230859515394,,0.0031354492417140327,295471381905ed91bd9adc9d8f5970af61886cfad97afcbf73dbd35f17af359c,f536329cc9a1e138737790ea45b81fd76e8f31686140921107bfc81794d51b16
grid5_u1_v4,offaxis_refinement,-0.01,0.0125,0.033401185725701055,0.0010955551941824136,0.03230563053151864,8a2567d8b61c49e9ad3468ab925c6f7c3601e80345e9a623b37c53ae5da53e18,a317c672932f4e4a37e20f0f2361a802a1359401cdc6cfbbeb652f43bf6dc2e2
grid17_u5_v16,dense17_midpoint,-0.0075,0.0125,0.0698374373202526,,0.00040719253255594445,973c05d0bf632a357bbdebd14c8fdfaeb2a108ad7f12c2667dc0ed65ee0fb398,f536329cc9a1e138737790ea45b81fd76e8f31686140921107bfc81794d51b16
grid9_u3_v8,dense9_refinement,-0.005,0.0125,0.0945033799633066,0.07747627338215796,0.017027106581148643,2d8b989510567e8733889229b61f4de4820768e11daba095f5b8cc8a38559eeb,baac7ad142006a135cc82610a4332a55ac7e67b209da441ae99abbedba38f7aa
grid17_u7_v16,dense17_midpoint,-0.0025,0.0125,0.10524366313369171,,-0.0025735623448256695,4305411e32b975bdcd2022e4305187d3355373bd0d8d88451d11c958529d27e8,f536329cc9a1e138737790ea45b81fd76e8f31686140921107bfc81794d51b16
grid_uz_vp,grid,0.0,0.0125,0.09877344399011889,0.10344490799293496,-0.004671464002816067,ffdf6ac506cb2257dd5d7324d265cb60377b4429b0e50236b9e798741c2b2dd4,a57deb1eac4ba1c41147a29c94a5057c01296fbcf038e1d17f505a9975b729ff
grid17_u9_v16,dense17_midpoint,0.0025,0.0125,0.08487743548091231,,-0.0006496325990315854,b9667d4cb6fa52ea3628005667bf3189a9dd033ab49600cd062c127dc826c4ed,f536329cc9a1e138737790ea45b81fd76e8f31686140921107bfc81794d51b16
grid9_u5_v8,dense9_refinement,0.005,0.0125,0.05723643589128358,0.07900145902651348,-0.021765023135229905,2d473ac899653890877bf252f37c3e328263f4e565dadf2e1287fdbb713bf7ba,baac7ad142006a135cc82610a4332a55ac7e67b209da441ae99abbedba38f7aa
grid17_u11_v16,dense17_midpoint,0.0075,0.0125,0.018610902503546356,,-0.0021736387138353956,63d79cbf290bb083e82d5f80558a555522c25a68319782604607ec6c12ef013e,f536329cc9a1e138737790ea45b81fd76e8f31686140921107bfc81794d51b16
grid5_u3_v4,offaxis_refinement,0.01,0.0125,-0.036947316565338895,0.004145926482893464,-0.04109324304823236,39fbd898f144bf8a01ea0f9b712350d9ebbd71d7d6df3fd26872f37e670a8247,a317c672932f4e4a37e20f0f2361a802a1359401cdc6cfbbeb652f43bf6dc2e2
grid17_u13_v16,dense17_midpoint,0.0125,0.0125,-0.10463776385538637,,0.0024342537333884584,ca15273f80218facb78759e0a5b18f1ae8e7809ac4eb413674250bd9ce2154b4,f536329cc9a1e138737790ea45b81fd76e8f31686140921107bfc81794d51b16
grid9_u7_v8,dense9_refinement,0.015,0.0125,-0.18087109711473204,-0.12112168963792502,-0.059749407476807015,0285cb904c144246a6f59567a7246d7ccaf718464310c44d3c7540c68112f9ea,baac7ad142006a135cc82610a4332a55ac7e67b209da441ae99abbedba38f7aa
grid17_u15_v16,dense17_midpoint,0.0175,0.0125,-0.2741782382793545,,-0.0006754898910810159,96e8bd2a92f79797815b7d329947c19792b5db2e069aa2de50bd9981a05f91e0,f536329cc9a1e138737790ea45b81fd76e8f31686140921107bfc81794d51b16
grid_up_vp,grid,0.02,0.0125,-0.3783263064081055,-0.296801389335942,-0.08152491707216347,d9f54039b00ff48e8ade82f8b5b148510d23238fec4c311ae00838782e166626,a57deb1eac4ba1c41147a29c94a5057c01296fbcf038e1d17f505a9975b729ff
