image_index,arc_fraction_s,q_atom_A,measured_H_minus_B4_meV_per_GaN,offpath_excess_meV_per_GaN,source_kind,source_sha256,prospective_s_holdout
5,0.21123271317717232,-0.05,21.530446002986814,19.178624939227618,prior_static,4f2774c0c8649b5cd0c6ab4935e4ea9a772c74fd2cf0b03ad9320f98f93adeff,False
5,0.21123271317717232,-0.025,7.127966002987485,4.776144939228288,new_static,e466da1d31f9d1254c7bd83a76d1cac57edf23265a4ded547dcc6b09ef8804f0,False
5,0.21123271317717232,0.0,2.3518210637591963,0.0,path_trajectory,952298c1830b293690b8fc4722649147cba236e50e149d07dae45ff75fc2bb7e,False
5,0.21123271317717232,0.025,7.520556002988066,5.1687349392288695,new_static,943bb04283fcd82d598f4f4baf412433b0347a7281180284eed4c9188e933d42,False
5,0.21123271317717232,0.05,22.949566002988142,20.597744939228946,prior_static,c7a77ed50214d20d683d5b37cfbb2ba7a90f6aa615e5b2e4636de1ed19970b1a,False
6,0.25456558798998846,-0.05,37.10597334920074,14.763429473029888,prior_static,5f7c9ef3678d9467fbbb73adde20caf4021daa0820df0f19689c63d73331fa84,False
6,0.25456558798998846,-0.025,26.179293349199995,3.836749473029144,new_static,60c272e44b6867f7f86d627c2d9a6cdea01d84948972ad7207f55059ea8ffa09,False
6,0.25456558798998846,0.0,22.34254387617085,0.0,path_trajectory,952298c1830b293690b8fc4722649147cba236e50e149d07dae45ff75fc2bb7e,False
6,0.25456558798998846,0.025,25.716533349200432,3.3739894730295816,new_static,8a7d6262352be3702c53e64ffeef032fef4c935f47c8da625a8f44be70b838b8,False
6,0.25456558798998846,0.05,36.405833349201444,14.063289473030594,prior_static,133379e2d27066a088818307e69b1419276480228f64f1409ce2899d27091816,False
7,0.2950511116669095,-0.05,65.81904955443996,8.498270770045835,prior_static,d25875bc0ee8c844b257a0c34ba63a8405a412c60c5d41bb6bfc78ec6609818e,False
7,0.2950511116669095,-0.025,59.572899554440895,2.2521207700467727,new_static,b698a49301da44aeb6228a01f9721d715c6c78246943e93ea372f8998e7efecb,False
7,0.2950511116669095,0.0,57.32077878439412,0.0,path_trajectory,952298c1830b293690b8fc4722649147cba236e50e149d07dae45ff75fc2bb7e,False
7,0.2950511116669095,0.025,59.07897455444022,1.7581957700461004,new_static,b5083f11375df19b05b05c831048cbef00aa04e707144c1faf942f77df2f18de,False
7,0.2950511116669095,0.05,64.84602955443997,7.525250770045844,prior_static,688efb9eba0d5d05a62cc79d7048602a844a93edc1f04285628795b398923c6d,False
8,0.3335463208195872,-0.05,108.74719613510831,4.991031328448692,prior_static,93c6519840f1ea6d1bea258615113742733d9d19fe9cb391c0cff1ff11a3868b,False
8,0.3335463208195872,-0.025,105.08216113510915,1.3259963284495413,prior_static,7623341af1a8c4843e21e6a4d14e2b2f46987a3413aa42a5eccf3e573e6c43d3,False
8,0.3335463208195872,0.0,103.75616480665961,0.0,path_trajectory,952298c1830b293690b8fc4722649147cba236e50e149d07dae45ff75fc2bb7e,False
8,0.3335463208195872,0.025,104.75107613510826,0.9949113284486444,prior_static,6fb25af9111dfa669ef854dc6a3b729ed17733b9cd62fcff5bcee41c57017255,False
8,0.3335463208195872,0.05,108.05217113510946,4.296006328449842,prior_static,6cb68327ca7dc6528a24f0d989ac439ea28292f271c9791140f984fc3db4972e,False
9,0.36861760171138847,-0.05,157.78603191915596,3.548775025396189,new_static,ba730b4aca0b67229d80c08aab4b2f4b6ce8a4e80585afbfe7793579b1c2cb4a,False
9,0.36861760171138847,-0.025,155.15192191915705,0.9146650253972766,new_static,68cc66c6fbb4d473be9528b17eee6b806a5a0ac880a3f50cc2f8b38e3ac50111,False
9,0.36861760171138847,0.0,154.23725689375976,0.0,path_trajectory,952298c1830b293690b8fc4722649147cba236e50e149d07dae45ff75fc2bb7e,False
9,0.36861760171138847,0.025,155.02275191915604,0.7854950253962656,new_static,146d9e6a5cbdf255e7b9d823d331a2988f464a9b921374e42354acfb0dd6eee6,False
9,0.36861760171138847,0.05,157.45307191915623,3.2158150253964735,new_static,b152e10641f1b6bfaec7757d4e521930a93a6ae454f0c733c8118f4cb94f6f57,False
10,0.4005873029316844,-0.05,205.76465960140132,2.8671042621235543,new_static,c80d46c8e043f2d3e3723aa501caa5729c7b875269c0ac09bea721a2e74c11bb,True
10,0.4005873029316844,-0.025,203.57690960140218,0.6793542621243986,new_static,50a58e9a1b239d3fe891ade7b7644a368f38bf39a150e59e1d42f67488f40864,True
10,0.4005873029316844,0.0,202.89755533927777,0.0,path_trajectory,952298c1830b293690b8fc4722649147cba236e50e149d07dae45ff75fc2bb7e,True
10,0.4005873029316844,0.025,203.69885960140266,0.80130426212488,new_static,617fe9e41b9147f9076e495816f7cd75c4724d0dc3bedf822ba9ce2be92bf4fc,True
10,0.4005873029316844,0.05,205.9389046014015,3.041349262123738,new_static,a597774b6a218d5fb528de37fc9740231c23f63d96cdb5810b4010634785540b,True
11,0.4305445530439566,-0.05,249.68578324604084,2.5375437559498337,prior_static,4addef76ce00d1e643e928c2d306307df9491511b2c287bf9ac14b5e9b24a95d,False
11,0.4305445530439566,-0.025,247.67393324604026,0.5256937559492414,new_static,a9de9a00db620414af6ef4045faf17b2d6025f57f61e019a35fca54b9d5ae622,False
11,0.4305445530439566,0.0,247.14823949009102,0.0,path_trajectory,952298c1830b293690b8fc4722649147cba236e50e149d07dae45ff75fc2bb7e,False
11,0.4305445530439566,0.025,248.0522232460407,0.9039837559496888,new_static,83f6d00e70ba059845fba2fbe2ca80c5560fea47ff92c3474983862da9774f6f,False
11,0.4305445530439566,0.05,250.34722324604087,3.198983755949847,prior_static,899b59ee1fc7a949480ca3dc5d1ab4ab8bde89d2329b8e9e99d5648e20a49e56,False
12,0.4593907922768255,-0.05,287.5204037200128,2.395150720910344,new_static,871ea00558bd2df5ec00c2f0c03439a5a652ddcd7baedb2637742f2a2c0cd6fd,False
12,0.4593907922768255,-0.025,285.56823372001185,0.442980720909425,new_static,c5b1dd7aa2876a0c03e6fda459864e902f5648673ddfaba74d33d9b3a6443acf,False
12,0.4593907922768255,0.0,285.12525299910243,0.0,path_trajectory,952298c1830b293690b8fc4722649147cba236e50e149d07dae45ff75fc2bb7e,False
12,0.4593907922768255,0.025,286.14049372001205,1.0152407209096381,new_static,868119d43b5c2e664fbe94ae997e27cd9fa93b55eb7b9dc6bf488c957364b99f,False
12,0.4593907922768255,0.05,288.5628537200127,3.437600720910261,new_static,91da4ed9fbb748736d8044059da921767152c7da753df050710484ba4a6e33c8,False
13,0.48768298696410106,-0.05,317.02383472014526,2.386974368921102,new_static,204c07584174c3bf756c061f7f808875f7485b2303b70bc65937be908df84b0e,False
13,0.48768298696410106,-0.025,315.0523047201466,0.4154443689223797,new_static,1fd037292b6b85496e479cea30d5fe368bf2c895a8b00a9546b8b4fe8dd7e62f,False
13,0.48768298696410106,0.0,314.6368603512242,0.0,path_trajectory,952298c1830b293690b8fc4722649147cba236e50e149d07dae45ff75fc2bb7e,False
13,0.48768298696410106,0.025,315.72674472014575,1.0898843689215454,new_static,7da2605632c13afb0bb5cc4079e04b850d60007a2886e97cb1f51b4c7528ff01,False
13,0.48768298696410106,0.05,318.2678847201457,3.631024368921487,new_static,29d80213f08538fab3799f30e69e8232b95045e882b34602f8a1ae38fa4a52e5,False
14,0.5157043999913691,-0.05,335.69670852257434,2.49016944809366,prior_static,dc89cc7244c32ea6e231845f3f2619ec184baf4f44aacf932d9e834c7d5b0aee,False
14,0.5157043999913691,-0.025,333.64191852257363,0.4353794480929096,new_static,5ac0abd07f04c554244deac6afef7b23152bf170f17d52eaf4be9289a33697b9,False
14,0.5157043999913691,0.0,333.2065390744807,0.0,path_trajectory,952298c1830b293690b8fc4722649147cba236e50e149d07dae45ff75fc2bb7e,False
14,0.5157043999913691,0.025,334.33287852257365,1.1263394480929279,new_static,1ce145a787d5ed8efe9219892ed0a46d655594f48e2f319d34f262d057d62936,False
14,0.5157043999913691,0.05,336.9666435225742,3.760104448093493,prior_static,00ff7bfe90b155e4e1f354e24741d1dd3a50395ac76418fef704d0c2584ddb8c,False
15,0.5434549225247953,-0.05,341.17706827393323,2.6862021302465067,new_static,caf98169afbd0f6b5a4080037f0e3871ed514ec76b2c25411dda6cedc2f5e80e,False
15,0.5434549225247953,-0.025,338.9875632739328,0.4966971302460266,new_static,50d1549ea800c2d47b1ba37648da480f5007d0e6578ca029b5d9a29f14e634a9,False
15,0.5434549225247953,0.0,338.49086614368673,0.0,path_trajectory,952298c1830b293690b8fc4722649147cba236e50e149d07dae45ff75fc2bb7e,False
15,0.5434549225247953,0.025,339.62426327393393,1.1333971302471824,new_static,88359c20e6c6c9d8029e446ce8028aee5543c8ba662f7e3dac0146f1d48b267b,False
15,0.5434549225247953,0.05,342.3329032739337,3.842037130247,new_static,946a1d725d0d9025131433cb12b024c4c2d3901e3a8fb5b1aa7ee85fb6a2275a,False
16,0.5718037523007614,-0.05,331.84580828707584,3.131545553549664,new_static,0441ee3639ce4102b0e2d7b0553a4d53fe5c11877b12c7af5932b749453e27b5,True
16,0.5718037523007614,-0.025,329.3924882870751,0.6782255535489057,new_static,3406e8456c2f20e74b95cf5f1205b185d3ad47ff107f62db6c5a19c0820a7627,True
16,0.5718037523007614,0.0,328.7142627335262,0.0,path_trajectory,952298c1830b293690b8fc4722649147cba236e50e149d07dae45ff75fc2bb7e,True
16,0.5718037523007614,0.025,329.75757828707583,1.0433155535496397,new_static,751dbfbd6f45cc9ecf556bfd0740e5ec119e26fe5b969096e198699262fd0376,True
16,0.5718037523007614,0.05,332.4630032870761,3.7487405535499008,new_static,3acd92131685c6170390a80ca68e65f5a7467941129e1c1250e44338a3eca950,True
17,0.6003203488136957,-0.05,307.42784345190177,3.7859900796020085,prior_static,363ce1b1814ffe9640a0df4901e4fbf1862b22c19cedd59261d8f7db3640e6b8,False
17,0.6003203488136957,-0.025,304.59326345190175,0.9514100796019775,new_static,1a1b978d51797902ff2f941a3394a158fbe1e6787e70e17815af7a8a163d4a58,False
17,0.6003203488136957,0.0,303.64185337229975,0.0,path_trajectory,952298c1830b293690b8fc4722649147cba236e50e149d07dae45ff75fc2bb7e,False
17,0.6003203488136957,0.025,304.51845345190253,0.876600079602774,new_static,95017af0bb395e54ff34d651fef1e8577e07e9705f6c2c0ef5e50fca2eb9ae91,False
17,0.6003203488136957,0.05,307.15357345190154,3.5117200796017656,prior_static,7b7a45aedb71e9a027f7c30bd67a832dbecd52c30eeb3602b9a66671c4dae824,False
18,0.6293300634276341,-0.05,270.3885796479639,4.838295461304654,prior_static,afc64f84131df6951e0038c42e8c155a7c8403a7c996e9310f3497029e5ef04f,False
18,0.6293300634276341,-0.025,266.9442346479638,1.3939504613045273,new_static,bed4e0265936053135d01a3400917f32bbcb64e578dfb74b83d79b37de9e4f7c,False
18,0.6293300634276341,0.0,265.55028418665927,0.0,path_trajectory,952298c1830b293690b8fc4722649147cba236e50e149d07dae45ff75fc2bb7e,False
18,0.6293300634276341,0.025,266.1392396479645,0.5889554613052184,new_static,6ca5f762b4f283da4bcaa0d3bff619069c1a22cef555d42cf97d69df11f6108b,False
18,0.6293300634276341,0.05,268.64370464796394,3.0934204613046745,prior_static,30c3e925ec78c02e047ed0c9c5c84bbef9db61d1452d0d5ce8579e464b95271a,False
19,0.6588205062389973,-0.05,227.790877959845,6.84184104283414,prior_static,fd6c32d31e2942978d20bf2aa14d59e26a9e53e8f6ed241269c70738bce7c6ed,False
19,0.6588205062389973,-0.025,223.1717979598438,2.2227610428329214,new_static,522b00e7ea0b9ec9c65914a0a2b9dd0d72373f72554dca9777c9b886f3beb48b,False
19,0.6588205062389973,0.0,220.94903691701086,0.0,path_trajectory,952298c1830b293690b8fc4722649147cba236e50e149d07dae45ff75fc2bb7e,False
19,0.6588205062389973,0.025,221.04494295984534,0.09590604283449267,new_static,df4b5425e75a776e4c9198e36b9d653009bb41c06baedea18aa8be8e668e3890,False
19,0.6588205062389973,0.05,223.37914795984395,2.430111042833083,prior_static,d2203190e89b2a0e2fb3380654be865eee608c2eafed1934d07a91cb58c14ded,False
20,0.6885865370329808,-0.05,187.9590579635222,7.968995690581515,prior_static,712947a0890c82221f56aef5094c6d5a2bc9ad680142c50bfad169906dcd955a,False
20,0.6885865370329808,-0.025,182.54562296352097,2.555560690580272,prior_static,aeef3b538d64e12731e0dac77edc2a1cf42f8455847e0556c14dec050783ec10,False
20,0.6885865370329808,0.0,179.9900622729407,0.0,path_trajectory,952298c1830b293690b8fc4722649147cba236e50e149d07dae45ff75fc2bb7e,False
20,0.6885865370329808,0.025,180.29504296352084,0.30498069058015886,prior_static,237482ea3ffb33c70aa83ba3a6b2adc393f3aafe8ce9c7db1bf7359ec9778ef2,False
20,0.6885865370329808,0.05,183.46942296352165,3.479360690580968,prior_static,97421d2c057578b26b98fce4c8575e44cbdf6a9a3be4c06d257cccbd401f6c65,False
21,0.7213852158456056,-0.05,151.07306059019177,4.315905788939034,prior_static,c85a751346d3ebf649a38a767c3f24733d251127706ce70704d1296570285356,False
21,0.7213852158456056,-0.025,147.78162059019184,1.0244657889391107,new_static,37e0d6382019d53be75862f5659a97991b786c60a0db77b9e664fc692cd2c30c,False
21,0.7213852158456056,0.0,146.75715480125274,0.0,path_trajectory,952298c1830b293690b8fc4722649147cba236e50e149d07dae45ff75fc2bb7e,False
21,0.7213852158456056,0.025,148.03905559019182,1.2819007889390832,new_static,5d57b5cf051bbee7f4969d806ab8ee589a14070d09284d97d73d8c2808316646,False
21,0.7213852158456056,0.05,151.66606059019205,4.908905788939322,prior_static,fc0c92f1b8ec8e3a8b67fceb8903099d72d10d241eb3b9f1ec88f8e24450d150,False
22,0.7621605514741662,-0.05,112.7012468227031,2.992810169776483,prior_static,c5de4a1c7061480d09169feeef0be21d6eff38060a0f3ce79f3e78d665e7f691,False
22,0.7621605514741662,-0.025,110.22162682270232,0.5131901697756902,new_static,498d53c7065c47ace72824ec39aa1e8d2ca415ddbe94448cb67675e595498e0a,False
22,0.7621605514741662,0.0,109.70843665292662,0.0,path_trajectory,952298c1830b293690b8fc4722649147cba236e50e149d07dae45ff75fc2bb7e,False
22,0.7621605514741662,0.025,111.19765182270226,1.4892151697756262,new_static,7f4f69e6ccef740052cf1868cba8c70dda87cc47e0e76482b3a5ea8a7be8a91d,False
22,0.7621605514741662,0.05,114.71227182270295,5.003835169776316,prior_static,03574adadf70118195274a51b37843aefdbd3103b307d81fbeeea5b229ddbd41,False
