panel,kind,image_index,arc_fraction_s,q_atom_A,enthalpy_rel_B4_eV_per_GaN,offpath_excess_meV_per_GaN,case,raw_outcar_sha256,source_report_sha256
a,archived_path,0,0.0,,0.0,,,,922fa8be621f3f6c19e0c640dd1963d368d773cfb684c28a178e87310d0a334f
a,archived_path,1,0.035377369834278125,,-4.2753977189669e-05,,,,922fa8be621f3f6c19e0c640dd1963d368d773cfb684c28a178e87310d0a334f
a,archived_path,2,0.0730634575578464,,-3.5340667547956173e-07,,,,922fa8be621f3f6c19e0c640dd1963d368d773cfb684c28a178e87310d0a334f
a,archived_path,3,0.11409512969474198,,1.1771949255390268e-05,,,,922fa8be621f3f6c19e0c640dd1963d368d773cfb684c28a178e87310d0a334f
a,archived_path,4,0.15938803417069763,,9.55250338670055e-05,,,,922fa8be621f3f6c19e0c640dd1963d368d773cfb684c28a178e87310d0a334f
a,archived_path,5,0.21123271317717232,,0.0023518210637591963,,,,922fa8be621f3f6c19e0c640dd1963d368d773cfb684c28a178e87310d0a334f
b,archived_path_center,5,0.21123271317717232,0.0,0.0023518210637591963,0.0,,,922fa8be621f3f6c19e0c640dd1963d368d773cfb684c28a178e87310d0a334f
a,archived_path,6,0.25456558798998846,,0.02234254387617085,,,,922fa8be621f3f6c19e0c640dd1963d368d773cfb684c28a178e87310d0a334f
b,archived_path_center,6,0.25456558798998846,0.0,0.02234254387617085,0.0,,,922fa8be621f3f6c19e0c640dd1963d368d773cfb684c28a178e87310d0a334f
a,archived_path,7,0.2950511116669095,,0.05732077878439412,,,,922fa8be621f3f6c19e0c640dd1963d368d773cfb684c28a178e87310d0a334f
b,archived_path_center,7,0.2950511116669095,0.0,0.05732077878439412,0.0,,,922fa8be621f3f6c19e0c640dd1963d368d773cfb684c28a178e87310d0a334f
a,archived_path,8,0.3335463208195872,,0.10375616480665961,,,,922fa8be621f3f6c19e0c640dd1963d368d773cfb684c28a178e87310d0a334f
b,archived_path_center,8,0.3335463208195872,0.0,0.10375616480665961,0.0,,,922fa8be621f3f6c19e0c640dd1963d368d773cfb684c28a178e87310d0a334f
a,archived_path,9,0.36861760171138847,,0.15423725689375978,,,,922fa8be621f3f6c19e0c640dd1963d368d773cfb684c28a178e87310d0a334f
b,archived_path_center,9,0.36861760171138847,0.0,0.15423725689375978,0.0,,,922fa8be621f3f6c19e0c640dd1963d368d773cfb684c28a178e87310d0a334f
a,archived_path,10,0.4005873029316844,,0.20289755533927778,,,,922fa8be621f3f6c19e0c640dd1963d368d773cfb684c28a178e87310d0a334f
b,archived_path_center,10,0.4005873029316844,0.0,0.20289755533927778,0.0,,,922fa8be621f3f6c19e0c640dd1963d368d773cfb684c28a178e87310d0a334f
a,archived_path,11,0.4305445530439566,,0.24714823949009102,,,,922fa8be621f3f6c19e0c640dd1963d368d773cfb684c28a178e87310d0a334f
b,archived_path_center,11,0.4305445530439566,0.0,0.24714823949009102,0.0,,,922fa8be621f3f6c19e0c640dd1963d368d773cfb684c28a178e87310d0a334f
a,archived_path,12,0.4593907922768255,,0.2851252529991024,,,,922fa8be621f3f6c19e0c640dd1963d368d773cfb684c28a178e87310d0a334f
b,archived_path_center,12,0.4593907922768255,0.0,0.2851252529991024,0.0,,,922fa8be621f3f6c19e0c640dd1963d368d773cfb684c28a178e87310d0a334f
a,archived_path,13,0.48768298696410106,,0.3146368603512242,,,,922fa8be621f3f6c19e0c640dd1963d368d773cfb684c28a178e87310d0a334f
b,archived_path_center,13,0.48768298696410106,0.0,0.3146368603512242,0.0,,,922fa8be621f3f6c19e0c640dd1963d368d773cfb684c28a178e87310d0a334f
a,archived_path,14,0.5157043999913691,,0.3332065390744807,,,,922fa8be621f3f6c19e0c640dd1963d368d773cfb684c28a178e87310d0a334f
b,archived_path_center,14,0.5157043999913691,0.0,0.3332065390744807,0.0,,,922fa8be621f3f6c19e0c640dd1963d368d773cfb684c28a178e87310d0a334f
a,archived_path,15,0.5434549225247953,,0.33849086614368673,,,,922fa8be621f3f6c19e0c640dd1963d368d773cfb684c28a178e87310d0a334f
b,archived_path_center,15,0.5434549225247953,0.0,0.33849086614368673,0.0,,,922fa8be621f3f6c19e0c640dd1963d368d773cfb684c28a178e87310d0a334f
a,archived_path,16,0.5718037523007614,,0.3287142627335262,,,,922fa8be621f3f6c19e0c640dd1963d368d773cfb684c28a178e87310d0a334f
b,archived_path_center,16,0.5718037523007614,0.0,0.3287142627335262,0.0,,,922fa8be621f3f6c19e0c640dd1963d368d773cfb684c28a178e87310d0a334f
a,archived_path,17,0.6003203488136957,,0.30364185337229976,,,,922fa8be621f3f6c19e0c640dd1963d368d773cfb684c28a178e87310d0a334f
b,archived_path_center,17,0.6003203488136957,0.0,0.30364185337229976,0.0,,,922fa8be621f3f6c19e0c640dd1963d368d773cfb684c28a178e87310d0a334f
a,archived_path,18,0.6293300634276341,,0.26555028418665927,,,,922fa8be621f3f6c19e0c640dd1963d368d773cfb684c28a178e87310d0a334f
b,archived_path_center,18,0.6293300634276341,0.0,0.26555028418665927,0.0,,,922fa8be621f3f6c19e0c640dd1963d368d773cfb684c28a178e87310d0a334f
a,archived_path,19,0.6588205062389973,,0.22094903691701084,,,,922fa8be621f3f6c19e0c640dd1963d368d773cfb684c28a178e87310d0a334f
b,archived_path_center,19,0.6588205062389973,0.0,0.22094903691701084,0.0,,,922fa8be621f3f6c19e0c640dd1963d368d773cfb684c28a178e87310d0a334f
a,archived_path,20,0.6885865370329808,,0.17999006227294068,,,,922fa8be621f3f6c19e0c640dd1963d368d773cfb684c28a178e87310d0a334f
b,archived_path_center,20,0.6885865370329808,0.0,0.17999006227294068,0.0,,,922fa8be621f3f6c19e0c640dd1963d368d773cfb684c28a178e87310d0a334f
a,archived_path,21,0.7213852158456056,,0.14675715480125273,,,,922fa8be621f3f6c19e0c640dd1963d368d773cfb684c28a178e87310d0a334f
b,archived_path_center,21,0.7213852158456056,0.0,0.14675715480125273,0.0,,,922fa8be621f3f6c19e0c640dd1963d368d773cfb684c28a178e87310d0a334f
a,archived_path,22,0.7621605514741662,,0.10970843665292662,,,,922fa8be621f3f6c19e0c640dd1963d368d773cfb684c28a178e87310d0a334f
b,archived_path_center,22,0.7621605514741662,0.0,0.10970843665292662,0.0,,,922fa8be621f3f6c19e0c640dd1963d368d773cfb684c28a178e87310d0a334f
a,archived_path,23,0.8098533983583223,,0.05450530333526782,,,,922fa8be621f3f6c19e0c640dd1963d368d773cfb684c28a178e87310d0a334f
a,archived_path,24,0.8641480568724124,,-0.0012854465115035296,,,,922fa8be621f3f6c19e0c640dd1963d368d773cfb684c28a178e87310d0a334f
a,archived_path,25,0.9060056726034234,,-0.004547453011544356,,,,922fa8be621f3f6c19e0c640dd1963d368d773cfb684c28a178e87310d0a334f
a,archived_path,26,0.9423866850951845,,-0.004584547636166114,,,,922fa8be621f3f6c19e0c640dd1963d368d773cfb684c28a178e87310d0a334f
a,archived_path,27,0.9727452131168662,,-0.004567114064208511,,,,922fa8be621f3f6c19e0c640dd1963d368d773cfb684c28a178e87310d0a334f
a,archived_path,28,1.0,,-0.004596254456862958,,,,922fa8be621f3f6c19e0c640dd1963d368d773cfb684c28a178e87310d0a334f
b,offpath_static,5,0.21123271317717232,-0.05,0.021530446002986814,19.178624939227618,image_05_q_minus,4f2774c0c8649b5cd0c6ab4935e4ea9a772c74fd2cf0b03ad9320f98f93adeff,922fa8be621f3f6c19e0c640dd1963d368d773cfb684c28a178e87310d0a334f
b,offpath_static,5,0.21123271317717232,0.05,0.022949566002988142,20.597744939228946,image_05_q_plus,c7a77ed50214d20d683d5b37cfbb2ba7a90f6aa615e5b2e4636de1ed19970b1a,922fa8be621f3f6c19e0c640dd1963d368d773cfb684c28a178e87310d0a334f
b,offpath_static,8,0.3335463208195872,-0.05,0.1087471961351083,4.991031328448692,image_08_q_minus,93c6519840f1ea6d1bea258615113742733d9d19fe9cb391c0cff1ff11a3868b,922fa8be621f3f6c19e0c640dd1963d368d773cfb684c28a178e87310d0a334f
b,offpath_static,8,0.3335463208195872,0.05,0.10805217113510945,4.296006328449842,image_08_q_plus,6cb68327ca7dc6528a24f0d989ac439ea28292f271c9791140f984fc3db4972e,922fa8be621f3f6c19e0c640dd1963d368d773cfb684c28a178e87310d0a334f
b,offpath_static,11,0.4305445530439566,-0.05,0.24968578324604085,2.5375437559498337,image_11_q_minus,4addef76ce00d1e643e928c2d306307df9491511b2c287bf9ac14b5e9b24a95d,922fa8be621f3f6c19e0c640dd1963d368d773cfb684c28a178e87310d0a334f
b,offpath_static,11,0.4305445530439566,0.05,0.25034722324604086,3.198983755949847,image_11_q_plus,899b59ee1fc7a949480ca3dc5d1ab4ab8bde89d2329b8e9e99d5648e20a49e56,922fa8be621f3f6c19e0c640dd1963d368d773cfb684c28a178e87310d0a334f
b,offpath_static,14,0.5157043999913691,-0.05,0.3356967085225744,2.49016944809366,image_14_q_minus,dc89cc7244c32ea6e231845f3f2619ec184baf4f44aacf932d9e834c7d5b0aee,922fa8be621f3f6c19e0c640dd1963d368d773cfb684c28a178e87310d0a334f
b,offpath_static,14,0.5157043999913691,0.05,0.3369666435225742,3.760104448093493,image_14_q_plus,00ff7bfe90b155e4e1f354e24741d1dd3a50395ac76418fef704d0c2584ddb8c,922fa8be621f3f6c19e0c640dd1963d368d773cfb684c28a178e87310d0a334f
b,offpath_static,17,0.6003203488136957,-0.05,0.30742784345190177,3.7859900796020085,image_17_q_minus,363ce1b1814ffe9640a0df4901e4fbf1862b22c19cedd59261d8f7db3640e6b8,922fa8be621f3f6c19e0c640dd1963d368d773cfb684c28a178e87310d0a334f
b,offpath_static,17,0.6003203488136957,0.05,0.30715357345190153,3.5117200796017656,image_17_q_plus,7b7a45aedb71e9a027f7c30bd67a832dbecd52c30eeb3602b9a66671c4dae824,922fa8be621f3f6c19e0c640dd1963d368d773cfb684c28a178e87310d0a334f
b,offpath_static,18,0.6293300634276341,-0.05,0.2703885796479639,4.838295461304654,image_18_q_minus,afc64f84131df6951e0038c42e8c155a7c8403a7c996e9310f3497029e5ef04f,922fa8be621f3f6c19e0c640dd1963d368d773cfb684c28a178e87310d0a334f
b,offpath_static,18,0.6293300634276341,0.05,0.26864370464796394,3.0934204613046745,image_18_q_plus,30c3e925ec78c02e047ed0c9c5c84bbef9db61d1452d0d5ce8579e464b95271a,922fa8be621f3f6c19e0c640dd1963d368d773cfb684c28a178e87310d0a334f
b,offpath_static,20,0.6885865370329808,-0.05,0.1879590579635222,7.968995690581515,image_20_q_minus,712947a0890c82221f56aef5094c6d5a2bc9ad680142c50bfad169906dcd955a,922fa8be621f3f6c19e0c640dd1963d368d773cfb684c28a178e87310d0a334f
b,offpath_static,20,0.6885865370329808,0.05,0.18346942296352164,3.479360690580968,image_20_q_plus,97421d2c057578b26b98fce4c8575e44cbdf6a9a3be4c06d257cccbd401f6c65,922fa8be621f3f6c19e0c640dd1963d368d773cfb684c28a178e87310d0a334f
b,offpath_static,22,0.7621605514741662,-0.05,0.1127012468227031,2.992810169776483,image_22_q_minus,c5de4a1c7061480d09169feeef0be21d6eff38060a0f3ce79f3e78d665e7f691,922fa8be621f3f6c19e0c640dd1963d368d773cfb684c28a178e87310d0a334f
b,offpath_static,22,0.7621605514741662,0.05,0.11471227182270294,5.003835169776316,image_22_q_plus,03574adadf70118195274a51b37843aefdbd3103b307d81fbeeea5b229ddbd41,922fa8be621f3f6c19e0c640dd1963d368d773cfb684c28a178e87310d0a334f
b,offpath_static,6,0.25456558798998846,-0.05,0.03710597334920074,14.763429473029888,image_06_q_minus,5f7c9ef3678d9467fbbb73adde20caf4021daa0820df0f19689c63d73331fa84,d673efd6553e2658c7c01d98add1d7d0dfb32a3d0750f1e1ec1658981fafc191
b,offpath_static,6,0.25456558798998846,0.05,0.036405833349201444,14.063289473030594,image_06_q_plus,133379e2d27066a088818307e69b1419276480228f64f1409ce2899d27091816,d673efd6553e2658c7c01d98add1d7d0dfb32a3d0750f1e1ec1658981fafc191
b,offpath_static,7,0.2950511116669095,-0.05,0.06581904955443996,8.498270770045835,image_07_q_minus,d25875bc0ee8c844b257a0c34ba63a8405a412c60c5d41bb6bfc78ec6609818e,d673efd6553e2658c7c01d98add1d7d0dfb32a3d0750f1e1ec1658981fafc191
b,offpath_static,7,0.2950511116669095,0.05,0.06484602955443997,7.525250770045844,image_07_q_plus,688efb9eba0d5d05a62cc79d7048602a844a93edc1f04285628795b398923c6d,d673efd6553e2658c7c01d98add1d7d0dfb32a3d0750f1e1ec1658981fafc191
b,offpath_static,19,0.6588205062389973,-0.05,0.22779087795984498,6.84184104283414,image_19_q_minus,fd6c32d31e2942978d20bf2aa14d59e26a9e53e8f6ed241269c70738bce7c6ed,d673efd6553e2658c7c01d98add1d7d0dfb32a3d0750f1e1ec1658981fafc191
b,offpath_static,19,0.6588205062389973,0.05,0.22337914795984393,2.430111042833083,image_19_q_plus,d2203190e89b2a0e2fb3380654be865eee608c2eafed1934d07a91cb58c14ded,d673efd6553e2658c7c01d98add1d7d0dfb32a3d0750f1e1ec1658981fafc191
b,offpath_static,21,0.7213852158456056,-0.05,0.15107306059019177,4.315905788939034,image_21_q_minus,c85a751346d3ebf649a38a767c3f24733d251127706ce70704d1296570285356,d673efd6553e2658c7c01d98add1d7d0dfb32a3d0750f1e1ec1658981fafc191
b,offpath_static,21,0.7213852158456056,0.05,0.15166606059019205,4.908905788939322,image_21_q_plus,fc0c92f1b8ec8e3a8b67fceb8903099d72d10d241eb3b9f1ec88f8e24450d150,d673efd6553e2658c7c01d98add1d7d0dfb32a3d0750f1e1ec1658981fafc191
b,offpath_static,8,0.3335463208195872,-0.025,0.10508216113510915,1.3259963284495413,image_08_half_q_minus,7623341af1a8c4843e21e6a4d14e2b2f46987a3413aa42a5eccf3e573e6c43d3,d673efd6553e2658c7c01d98add1d7d0dfb32a3d0750f1e1ec1658981fafc191
b,offpath_static,8,0.3335463208195872,0.025,0.10475107613510826,0.9949113284486444,image_08_half_q_plus,6fb25af9111dfa669ef854dc6a3b729ed17733b9cd62fcff5bcee41c57017255,d673efd6553e2658c7c01d98add1d7d0dfb32a3d0750f1e1ec1658981fafc191
b,offpath_static,20,0.6885865370329808,-0.025,0.18254562296352095,2.555560690580272,image_20_half_q_minus,aeef3b538d64e12731e0dac77edc2a1cf42f8455847e0556c14dec050783ec10,d673efd6553e2658c7c01d98add1d7d0dfb32a3d0750f1e1ec1658981fafc191
b,offpath_static,20,0.6885865370329808,0.025,0.18029504296352084,0.30498069058015886,image_20_half_q_plus,237482ea3ffb33c70aa83ba3a6b2adc393f3aafe8ce9c7db1bf7359ec9778ef2,d673efd6553e2658c7c01d98add1d7d0dfb32a3d0750f1e1ec1658981fafc191
