image_index,path_s,relative_enthalpy_eV_per_GaN,B4_group1_Q_sqrt_amu_A,B4_group2_Q_sqrt_amu_A,B4_group3_Q_sqrt_amu_A,B1_group1_Q_sqrt_amu_A,B1_group2_Q_sqrt_amu_A,B1_group3_Q_sqrt_amu_A,B4_three_group_residual_sqrt_amu_A,B1_three_group_residual_sqrt_amu_A,B4_symmetric_strain_xx,B4_symmetric_strain_yy,B4_symmetric_strain_zz
0,0.0,0.0,1.167816343851132e-13,1.1113386812896861e-13,5.425759036864979e-14,3.413123520201684,2.4245798038536988,2.7391223105860423,1.0130725790163676e-14,0.001386060113731269,0.0,0.0,0.0
1,0.033327526828522046,-4.2753977189669e-05,0.005502775393746167,0.002168002166139664,0.010977849599384894,3.4120300955414717,2.4336052974431186,2.743563202756054,2.736424884414319e-05,0.0013913826534743537,-0.0011533165142051383,3.970224048654991e-05,0.0011232147836843787
2,0.06881594103622003,-3.5340667547956173e-07,0.01023677725311574,0.004655504462940407,0.011054214870521287,3.4177480229447106,2.4336680815301888,2.74648676450443,4.622635111877803e-05,0.0013917145399241183,-0.0017023176130678275,0.0005716317099691004,0.001140544342132177
3,0.10744076635160918,1.1771949255390268e-05,0.011784931167261054,0.02972009051489743,0.010703541532865436,3.4371162718166732,2.4333797737033827,2.745085838251941,2.0978121554949484e-05,0.0013911964461210942,-0.001932273242970406,0.0008266787085211558,0.0011158451667665492
4,0.15007012159940505,9.55250338670055e-05,0.006091757131501169,0.09460587007515234,0.011764683198531526,3.486254287702987,2.4342521965958883,2.7340248051849714,0.00010096008222495945,0.0013940364148695128,-0.001527807591429231,0.00032109126529089593,0.0012045033504612945
5,0.1988819768082366,0.0023518210637591963,0.07425175985062034,0.2883916856857905,0.008412845419972406,3.62646982468286,2.431496466513286,2.6524488279900247,1.816821905847312e-05,0.0013900875714459653,0.006754728565034229,-0.007487171249691449,0.0005453480723967008
6,0.23982615053967604,0.02234254387617085,0.2991228909396764,0.4873785486063926,0.018147346959265516,3.755751934838418,2.4096598723894984,2.4595761212957874,2.7188311373143843e-05,0.00137770597436887,0.0301036538046191,-0.02792732779465168,-0.0032677492531659746
7,0.27839323006414896,0.05732077878439412,0.532761900922685,0.5092126662541742,0.05806322928579061,3.748366601440258,2.376842831420376,2.2782711982498536,6.0262351783243174e-05,0.0013595804309024192,0.052990486261333736,-0.047482158686521836,-0.008149476419570645
8,0.31526849881742286,0.10375616480665961,0.7826687006544258,0.41406799485989276,0.10967476636287507,3.6496543930041416,2.334410149790476,2.0965748111373883,4.2641361197837475e-05,0.0013349240018014517,0.07561364402789383,-0.06684818699658679,-0.013750774303723179
9,0.34898545858205754,0.15423725689375978,1.033591803216607,0.2540705895012225,0.16576813712692634,3.5011368878984626,2.2882927063277085,1.9207941872474725,5.520193763664328e-05,0.0013087643754444772,0.09629507512854452,-0.08500344907889645,-0.0193498083638185
10,0.37981232550254335,0.20289755533927778,1.2785825672788245,0.05740300129384148,0.22242097377038805,3.3251292924542546,2.241715295212585,1.7533452437908434,4.592412825733574e-05,0.0012818839348472772,0.11460882825193508,-0.10164404154647322,-0.024625285435223354
11,0.4087672647243811,0.24714823949009102,1.5214180718662391,0.16495117343914595,0.27976247257752107,3.129659069117435,2.1945716970781137,1.5901995734297056,5.713783457343223e-05,0.001255109406113875,0.13112279949776484,-0.11722510828977517,-0.029625086920714194
12,0.43671334388591365,0.2851252529991024,1.766939745584169,0.40992768489725917,0.338700720554172,2.9165747582845163,2.1461153236807835,1.4273305943202466,4.900166097855761e-05,0.0012270550080748003,0.14640126441255807,-0.13215873092595232,-0.03443637378636455
13,0.4641961804102393,0.3146368603512242,2.018310387640214,0.6755370473163944,0.4000642473901792,2.687074528228085,2.095664995219703,1.262109100707513,5.565468764967368e-05,0.0011982171704829781,0.1608161571022193,-0.1466891103247947,-0.03913044432962043
14,0.4915019318775039,0.3332065390744807,2.2768158909477134,0.9598670857072497,0.46434581766420485,2.4424910487050475,2.042815582848319,1.0933522488797984,0.0001417420205418514,0.001172200275821889,0.17459048716620207,-0.16093392596020129,-0.04373601503227964
15,0.518647576020847,0.33849086614368673,2.5414004092783236,1.2596988760448964,0.5315275469407068,2.1854001594577652,1.9875817903441673,0.9215369117022213,0.00011826547748914671,0.0011388687483157764,0.18781996631127806,-0.174866498313194,-0.04823975806316694
16,0.5465548777059466,0.3287142627335262,2.820906632832731,1.591580144793935,0.6049591363429101,1.9022075717202405,1.9272096442864446,0.7415946141403122,0.00012444617372475773,0.0011045750053743756,0.20096736710010488,-0.18880780169431532,-0.052802156047547566
17,0.5748528757008345,0.30364185337229976,3.106579358648,1.9423307482756047,0.6850057889235186,1.603917770455439,1.8613988911709303,0.5588744133780568,0.00011608471097090733,0.0010660460242447997,0.21430961028323492,-0.20243342212805726,-0.057566214528322224
18,0.6039640319247201,0.26555028418665927,3.3975274198437737,2.3187776205290502,0.7748447523983234,1.2853908761784576,1.7875373410025426,0.37476399232004737,0.00012472686722422014,0.0010240441018764474,0.22843674899962352,-0.21573044266827135,-0.0627325484067639
19,0.6340303244597517,0.22094903691701084,3.6818780489188137,2.722131157244865,0.8777219178865282,0.9469248943696615,1.7029563682710434,0.19848708328440853,0.00011288183128483179,0.0009739458626077137,0.24424377566355693,-0.22837835699926612,-0.06861136517788935
20,0.6650669313383811,0.17999006227294068,3.9080821992272456,3.1283017526535635,1.0183099761638217,0.6123023798749981,1.5873711976736924,0.06706196958496585,0.0001673302165927839,0.0009116126294534361,0.26322287367558417,-0.23888667814302633,-0.07721950839803904
21,0.6988260101172257,0.14675715480125273,4.008994127094496,3.431089028110999,1.278406738337189,0.369842117727692,1.3735313524122188,0.020983455339608794,0.0001833720487723859,0.0007887751154463763,0.28279646222849064,-0.24278747897228037,-0.09420594861439868
22,0.7383977854653129,0.10970843665292662,4.046820534763949,3.5972601349520965,1.678007785699546,0.23859088400429118,1.044997365982461,0.009148402502711355,0.00021039938297818384,0.0005987237737310512,0.2983479276190504,-0.23990570699254765,-0.11835046515076175
23,0.7842667233272629,0.05450530333526782,4.069806026061086,3.7032165499980243,2.195078213348978,0.1550176345489455,0.6198853449257059,0.002470959727541507,0.00026935410591720613,0.00035521962008897793,0.31262216167752266,-0.2342562766979126,-0.14527390383202854
24,0.8384578182718875,-0.0012854465115035296,4.092920814353387,3.8240337705397125,2.8151065652770884,0.06004234673678582,0.11012595489662999,0.0027715203317067415,0.00034808521938028037,7.719699447962365e-05,0.33191844794557346,-0.22762176023144265,-0.17243843023850047
25,0.8878515857027016,-0.004547453011544356,4.100019350714938,3.9169240190488135,2.9496547803741544,0.011877568886043677,0.0004935286222998975,0.0013773320582438418,0.000400389119512028,0.0001359970001923143,0.34032415351039735,-0.22681119258535876,-0.17813936699721067
26,0.931264516587196,-0.004584547636166114,4.094840620360302,3.901399968340401,2.949860470128133,0.0005539951260978061,0.0006626374754638868,0.0037435755507517596,0.0004303600350005141,0.0001826953470569884,0.3396516602396229,-0.22666432582362972,-0.1780081241513617
27,0.9674841605791971,-0.004567114064208511,4.095975042382298,3.8993770540105817,2.9473749282530326,0.0019871668532175685,0.00138086312608584,0.0026653813140149808,0.0004017828623312937,0.00013884245864170184,0.3394775314207745,-0.22668626617243104,-0.17789373080984805
28,1.0,-0.004596254456862958,4.099734100586182,3.901463713000246,2.949054493759921,5.2864185857952884e-15,2.070759876205156e-30,4.242491373588769e-15,0.00035963835297814217,2.915103583086917e-15,0.33935803994513436,-0.22672127509638695,-0.1778449034632833
