material,method,barrier_eV_per_formula_unit,barrier_kcal_per_mol_per_formula_unit,reference_note
BaTiO3,5 images,0.0871289017,2.00924020508,ABACUS PBE 100 Ry 10 au DZP; monotonic T-to-C endpoint rise not an activation barrier
BaTiO3,7 images,0.0871289017,2.00924020508,ABACUS PBE 100 Ry 10 au DZP; monotonic T-to-C endpoint rise not an activation barrier
BaTiO3,9 images,0.0871289017,2.00924020508,ABACUS PBE 100 Ry 10 au DZP; monotonic T-to-C endpoint rise not an activation barrier
BaTiO3,Literature locally restrained DFT,0.0910646189078,2.1,VASP/PBEsol locally restrained T-to-C unit-cell distortion; NEB in source concerns oxygen-vacancy migration; not a VC-NEB benchmark
HfO2,ordinary n7 log-strain,0.0391877249999,0.903690406734,"ABACUS PBE 100 Ry, 10 au DZP"
HfO2,ordinary n9 log-strain,0.0390523000001,0.900567432048,"ABACUS PBE 100 Ry, 10 au DZP"
HfO2,CI n7,0.0322930500001,0.744695424125,"ABACUS PBE 100 Ry, 10 au DZP"
HfO2,ordinary n7 linear-cell,0.0399193000003,0.920560927022,"ABACUS PBE 100 Ry, 10 au DZP"
HfO2,Literature VC-NEB,0.032,0.73793753058,"LDA/QE/USPEX, 40 images, RMS force threshold 0.025 eV/A"
