image_index,interior,reaction_coordinate,enthalpy_eV,relative_enthalpy_eV,volume_A3,a_A,b_A,c_A,alpha_deg,beta_deg,gamma_deg,max_atom_force_eV_per_A,max_stress_eV_per_A3,max_cell_force_eV,max_true_generalized_force_eV_per_A,neb_residual_generalized_force_eV_per_A,is_climbing_image
0,False,0.0,-9782.924391,0.0,134.98048760416324,5.075850294639185,5.0758502946392925,5.23906013374329,90.00000000000006,90.0,90.00000000000001,0.0004999153,1.1488959057965052e-05,0.0015507852957083908,0.0004999153,,False
1,True,0.13790121854724435,-9782.9195392,0.004851800000324147,135.28565308870773,5.0792899868463435,5.081094559479156,5.24328087099665,88.7007689591721,89.99990471534612,90.00018518463447,0.06658402388359601,0.0012535045020175093,0.1690922113247381,0.06629074090349073,0.03624511074255569,False
2,True,0.25400808637390243,-9782.8226549,0.10173610000128974,134.28749328697515,5.097098964967281,5.083836506784654,5.18572295129269,87.91222450462017,90.00007528316581,90.00024791683597,0.15503476736952135,0.003001753510732542,0.40819949656566457,0.15400425563036707,0.04042357039027209,False
3,True,0.3710256913783053,-9782.7681818,0.15620920000037586,133.7986116082867,5.137406741873049,5.0831969125878995,5.126220408349145,88.14948342520894,89.99943301722301,90.00043792461477,0.06682887580119065,0.0015081260102856196,0.2066386601061762,0.06585880741696605,0.0497190884413784,False
4,True,0.4876309185223487,-9782.8672991,0.05709190000015951,134.5080907851489,5.196469954825729,5.08188551748248,5.095880660397365,88.2433968596136,89.99962573683196,90.00020268856976,0.1620976654126392,0.003363374118397322,0.44189996930061765,0.16004160980179777,0.049173256682476546,False
5,True,0.6200518260887027,-9782.9894091,-0.06501810000008845,135.88978097057307,5.2554081384302345,5.078736563441205,5.092361525250556,88.80437397562544,89.99982772229552,90.00020352904744,0.19169256754468889,0.00213382770021506,0.28005833535560654,0.18894713096332763,0.018238200369905196,False
6,True,0.7492532947904471,-9783.1361423,-0.2117512999993778,136.3819846099996,5.282133537534696,5.0696479352315444,5.093062996797984,89.62667578728336,89.9992103135886,89.99995768601386,0.20928223945387658,0.0009595413576390643,0.13451033751383248,0.20803849464985188,0.026065542587262142,False
7,True,0.8739237508171143,-9783.2339186,-0.30952760000036506,135.79841379293526,5.2789521505067105,5.0572085787911005,5.086699785578622,90.00361106805272,89.99999087022161,89.99991642407875,0.08041598908651595,0.0006087393678937897,0.07948536363991916,0.08040176828392166,0.03697178593470868,False
8,False,1.0,-9783.2496758,-0.32528479999928095,135.11059043768807,5.265916179232483,5.050203924753109,5.08050092653869,90.00001103122678,89.99975093704293,89.9999921241793,0.0009253580573021019,8.168380838977226e-05,0.011092393286957129,0.0021623964818536763,,False
