channel,source_job_id,snapshot_step,view_image_index,source_image_index,s_normalized,energy_relative_PO_meV_fu,source_POSCAR_sha256,source_log_sha256,Q_pattern_x_A,Q_pattern_y_A,Q_pattern_z_A,triplet_captured_squared_norm_fraction,T_ordered_chart_translation_free_atomic_RMS_A,T_Green_strain_Frobenius_norm,NEB_atomic_max_vector_eV_A,NEB_cell_max_vector_eV_A,NEB_max_vector_eV_A,preserving_true_tangent_eV_A,space_group_symprec_0.001_A,space_group_symprec_0.01_A,space_group_symprec_0.05_A
PO_to_T,28300425,6,0,9,0.0,0.0,4cffc6872ccd68871234f53d4c0320304ea0d22c595e6b7680f6c07e751924a9,fbf47ddd52b2db05296384ecb00e99c18ae54d18cc760229067137aaa10323c9,-0.9723681889823945,4.733534568202025e-06,5.724739220447361e-07,0.31433542834208184,0.555236407394321,0.0486721741617357,,,,,Pca2_1,Pca2_1,Pca2_1
PO_to_T,28300425,6,1,8,0.12285271152848998,0.7812320841367182,8bf74e2e8f44000552e55010f30197ad0c61edc3d2d56a8e1ba53456d2e6c707,182c45f64f075ac39ee472cb4f88860a09350a632195dbca744ce0704f5aefaa,-0.972619460371686,-1.917159761993803e-05,6.7263220903945875e-06,0.3373241845893561,0.5397450445525482,0.04892883284986695,0.009314992196176838,0.0006578064768441841,0.009314992196176838,,Pc,Pca2_1,Pca2_1
PO_to_T,28300425,6,2,7,0.2385267355370504,29.3336971676581,2d2e5783ac2f2897097e510ace71f178507a0c3adf89628b9f145860c2a51260,584ca50679d4487b4c397327a7cfe7b0dfba39b16c90044c18d4f4993fc83fc1,-0.9468442761149586,-1.5178988237761113e-06,0.002617631836592693,0.49391560565411236,0.4566448196454779,0.0497048850428947,0.00780269422019596,0.00356940819708036,0.00780269422019596,,Pc,Pc,Pca2_1
PO_to_T,28300425,6,3,6,0.36001107946405175,71.42433898115996,13055295acdca5ecdfe5aaedec9d3a8ef99441e5f596044302a1469cfd877934,13236522b86fc315120f90bbc83c7d825b1411c5964e2a9766a6235ffbf67ab3,-0.880318677852719,2.7149249156745764e-07,0.015668889081105433,0.7340315240419099,0.37876467615151477,0.047798059786634706,0.02138639887573146,0.00921986898079487,0.02138639887573146,,Pc,Pc,Pc
PO_to_T,28300425,6,4,5,0.5085649961486798,81.56842290509303,7b032774e4038e47deddbec786c735881f361abae18d09dae3a647f05970ff62,9d50e75db21251c20ab5619fdd62bcb75d4e8c8e9c44deee7abd76e9315a380a,-0.8082440146012035,0.0001782865098868772,0.022274041629271706,0.9946897145196011,0.33062027946686295,0.044909148968047805,0.05559342829174107,0.02135892209399867,0.05559342829174107,,P1,Pc,P4_2/nmc
PO_to_T,28300425,6,5,4,0.5869351776342223,97.40329381838819,74aaa417670aca8664b8f992450cd6f84bc1fe8b29dae92ec23c779e83cfe4eb,0a57a2113d0ed5fd80dd01315fdd5d08c6d72407aab8b709d46445b5c07a78b8,-0.678448297021549,-4.407858767929485e-06,0.24975730812447633,0.97849121888282,0.25985468507029347,0.03561277644794311,0.03692806139183551,0.02377314038144422,0.03692806139183551,,Pc,Pc,Pba2
PO_to_T,28300425,6,6,3,0.6787225699397494,115.21016416145358,917f00bc89f70e9d9c489ee0f6355d7f658cb5a4f292f2590386d4cbc7a2ca8d,ee2f3a178d1d7c854cfd164b18045938092746432c7917e1620ce6409c3cf2ac,-0.4752500567011193,-7.362645569141489e-06,0.5069675683037204,0.9553920684674048,0.17170196967333828,0.023885767806937522,0.054123476959248795,0.042979989488267825,0.054123476959248795,,Pc,Pc,Pc
PO_to_T,28300425,6,7,2,0.7704689801993043,97.66526613248061,a84afde2e02db73f58ba66c72e34c199320283802f0a5be1194769a984f66d62,7c21a0b55e9f0ceced6637bf15143ca9189019537719f312539e1c7da0cd093c,-0.2335723258550457,-1.5518361748438096e-05,0.7181545434775528,0.9350102323377061,0.09445470882773431,0.014832517816065142,0.059881615690252875,0.03842981691259822,0.059881615690252875,,Pc,Pc,Pc
PO_to_T,28300425,6,8,1,0.8485802710635852,81.07875191581115,b0c5eea003a9ec786d49a73d80e221f23c31f92c851f3725ecd3d6f1c2b00bfd,c01e71e9ceb22d967b468d330f5b1ea26902fa180028bfc993ca101a7f867ee3,-0.044093279839735225,-0.0005694831782945872,0.8639971043948484,0.881623254644813,0.09286601488863327,0.02021532992916928,0.056243747019518446,0.011563293719644424,0.056243747019518446,,P1,P1,Pc
PO_to_T,28300425,6,9,0,1.0,81.32119274705474,5d19c5ec428c1118a69991b3a0b0d3cfa4b35e8f65dc9ddef7db4a4958656519,5a06ba5df4d9c4b9aa5dfc9b9f28e2b5009e8be9a6e616c47640d97a6b9008a9,2.1225757500847884e-16,1.992388567228287e-16,0.8315753788192713,1.0,0.0,1.0647117636654866e-31,,,,,P4_2/nmc,P4_2/nmc,P4_2/nmc
PO_to_M,28298794,39,0,0,0.0,0.0,cb2128c5cca9a3a83baac8249f0708c2d08aff6c48375c538c7938e56dbd7a37,7fbc15372a83080085735f740cedc42f02475b7ec826f1c3e9ba8cf8e270841b,-0.9723681889823943,4.733534569095642e-06,5.724739229329145e-07,0.3143354283420821,0.5552364073943207,0.0486721741617357,,,,,Pca2_1,Pca2_1,Pca2_1
PO_to_M,28298794,39,1,1,0.1010592614184834,0.8143980180648214,376f4e5261293fc753e78c44674d5089c4bdab1773fc05a54f8e65507884a263,c55bcc47fb6363ae0a566a3993644226cb2bb41c359d270b6af06bd2de4228d3,-0.9746017779398404,-7.043031662734389e-05,9.975151143107319e-05,0.3382937716492059,0.5399933972546702,0.04914891874358278,0.03547345120650638,0.006017775704458362,0.03547345120650638,,Pca2_1,Pca2_1,Pca2_1
PO_to_M,28298794,39,2,2,0.2411353331133049,12.951261402577074,24d57f2f308865bb70db640e8e847397ffe17295bd8d351596dae6c3afceff60,7d3de65db172199b6540777cd695ce35ed3c5be57d5cbff1f3004392d873267f,-0.9698839738817856,-9.324756223784655e-05,0.00017463845031438774,0.41970848835786756,0.4943417384817043,0.050250088715062195,0.05334029769645474,0.014759888908420615,0.05334029769645474,,P2_1,P2_1,Pca2_1
PO_to_M,28298794,39,3,3,0.3809754865378428,71.58220716746655,928858cdfa9c87a63c3ec10d39981a1e607f48e3fe9aa97fde900c7fb7c11a96,a56ff33f8c6300839a0c209a81d890d9b70acaeae6ff6510fb686747b9af98ee,-0.9585286857217633,-0.00041708011594481274,3.4489704204068716e-05,0.6099119060343385,0.42796712153318883,0.05802885354239305,0.097904489571512,0.053288686297192536,0.097904489571512,,P1,P2_1,P2_1
PO_to_M,28298794,39,4,4,0.5294756925610318,44.16865901930578,54fa1147773c15e150d9ee1c3e0467ce46ad672d15455524bef13231f0729eb6,030202ecf97064630d636912519cdbba49e659907ffe9af80a43ec2e848119d4,-1.000031416500382,-0.0005660582786156784,-3.694813238548644e-05,0.6084164349272274,0.44114377426363455,0.09295861591848067,0.06184438346473547,0.012667940122135526,0.06184438346473547,,P1,P2_1,P2_1
PO_to_M,28298794,39,5,5,0.6723984837031917,-45.15556203750748,06d0d5ba58f246be159a6683369bc3b42cd204d0ceb3b732ea9e637443a40d72,38a77e7c085de6db588d20abc019acf3834ed3cbcd2b54f0745dea98adb650f7,-1.0898638095798159,8.279067528001484e-06,2.8715892330777315e-05,0.4681006771151919,0.5187296055943368,0.13032569273768377,0.07045446271705451,0.02255663726038983,0.07045446271705451,,P2_1,P2_1,P2_1/c
PO_to_M,28298794,39,6,6,0.8117041590113069,-63.32813805101978,88f266468f2f3f95a8fd440b659d7ddde7a1a359acbdcd7cc0a770996fa901f2,2359170a293a4582c214fe0a3f435c2e0d42f78cb6b23bf697df3d059f3aa7ad,-1.1524255002400534,5.040728269787414e-05,-7.68946713815416e-05,0.4131241732924275,0.5705538260335896,0.13837057802461908,0.09760093347731762,0.021436070824791285,0.09760093347731762,,P2_1/c,P2_1/c,P2_1/c
PO_to_M,28298794,39,7,7,0.8997393390006665,-69.15221583039965,93c5fa3bb66a76623f7c883e77d0f027f2cbb64b79444c45ff8da3da126a7ef3,ee325d3a6eafba8aad50b8b76b089995c4b9cd8ab433e2517554b7d149e053bd,-1.1978788296929073,-1.8882972121500997e-05,-7.585798530596044e-05,0.38660674328202516,0.6057504071064556,0.1370663239099016,0.04705550283143231,0.016123438467937498,0.04705550283143231,,P2_1/c,P2_1/c,P2_1/c
PO_to_M,28298794,39,8,8,1.0,-71.38459977022649,02d3d6fce393d042e9a24ebf41da6150e919267b8f8b622138efd3b1d39d37be,cc9654451ebd3075de6cc886bc63899acbc184ae641aa559c6a096d5fb44e19f,-1.2507272882307845,2.9237965088926843e-05,4.165056064542316e-06,0.3620644349291943,0.6462754929023973,0.13402648296386407,,,,,P2_1/c,P2_1/c,P2_1/c
PO_flip_T_pattern_preserving,28319570,69,0,0,0.0,0.0,9ca4763619ddf018b079509b0680df696a3e6a9baa2c32ba7229b7ce863b3406,7fbc15372a83080085735f740cedc42f02475b7ec826f1c3e9ba8cf8e270841b,-0.9723681889823943,4.733534569095642e-06,5.724739225165809e-07,0.31433542834208195,0.5552364073943208,0.0486721741617357,,,,,Pca2_1,Pca2_1,Pca2_1
PO_flip_T_pattern_preserving,28319570,69,1,1,0.11957997344002448,1.9001848249899922,c0792bc7e9dae554cb6d349a313fa8153961c5449fdb2babe893647e5c212919,0bdd58c1a1e41ca9401442e4e46e07e447e00d8fafb918900357a05b6a9b9c38,-0.9856602784402497,-3.279439248741948e-05,9.915928793610695e-06,0.3545515297307729,0.5347628935784133,0.050451271001860226,0.038231492475420834,0.007069889329888598,0.038231492475420834,-0.10794723117373344,Pca2_1,Pca2_1,Pca2_1
PO_flip_T_pattern_preserving,28319570,69,2,2,0.2257919708671541,26.579667011446872,51c984b5bacdbccecbaaeb0f8ba09f79ce0e5a9a22d21b3e8f9d8dd8c500e673,1f6b00d773095e91dbcf755ded680cc10049aabfc5ce3493fd4a8ad6f0678d51,-1.0928629889752441,-1.902620878501773e-05,-4.094547113767111e-06,0.4728049181315697,0.5178173821587975,0.0673913921956039,0.02445511264946113,0.0056624369713154585,0.02445511264946113,-0.3250038175977136,Pca2_1,Pca2_1,Pca2_1
PO_flip_T_pattern_preserving,28319570,69,3,3,0.3441157956733133,32.806023216835456,fad7979a90d7744e7431b9e50f9f3ba17550ac426d3228ea12495a9d78f5e997,32508fbc87b7a9beea4222ccbce7522d2270e154eb679a2df250ebdf98238082,-1.2678756153083757,-2.5259704329595427e-05,-7.108316893891797e-05,0.543119865762619,0.5516190890351083,0.09700971011903885,0.03235599839065171,0.0184021222482396,0.03235599839065171,0.2424856395362599,Pca2_1,Pca2_1,Pca2_1
PO_flip_T_pattern_preserving,28319570,69,4,4,0.500000074092116,-14.838200784197397,a65c5f272954e6bb9fc8a1fdf36ff8f8b67148827c4e4110e93871c9b6b841e4,45af952808b452ff90036711d58152cac30874a397d24c61c05cadb9b5fc0f11,-1.4631066215244155,-4.0656034690781174e-07,8.353361669044546e-07,0.5502365309986389,0.617925989729911,0.13143171516806487,0.06201853620828765,0.09937245841139401,0.09937245841139401,-1.1644758556341762e-05,Pbcn,Pbcn,Pbcn
PO_flip_T_pattern_preserving,28319570,69,5,5,0.6558840439475367,32.80595847490986,aab22dfa7782a5bcb0c158793247b34d72c620e1beb284a945efbbf544ad110e,38af36af35311b41edc416ad2fa67ae745337a8ff782561890859379918d2fde,-1.2678756578612875,2.532740306896344e-05,-7.161477647708858e-05,0.5431201472302557,0.5516190549753195,0.09700973369543149,0.03235777178622042,0.018403935616870766,0.03235777178622042,-0.2424830136711258,Pca2_1,Pca2_1,Pca2_1
PO_flip_T_pattern_preserving,28319570,69,6,6,0.7742080550300803,26.57968039784464,5da406a6dba57db1095d11e5e74f2410cc062cf37eef8ec27369fa108156d0be,386805adf13f79008f465bf8e70a788a1f6b25a0d404e3b1cc2e8544e87c3838,-1.092863016098197,1.902047960129717e-05,-4.166421615742211e-06,0.47280497233897495,0.5178173785625381,0.06739139790403519,0.02445347843442686,0.00566259205006912,0.02445347843442686,0.3250040302497336,Pca2_1,Pca2_1,Pca2_1
PO_flip_T_pattern_preserving,28319570,69,7,7,0.8804200268011342,1.9001851756001997,0aa478e204ef96ee192ca6cfddba7028b1087d53915fca91b59a5d67dadf4f03,e6b08011cb394c004895c3987060fadedbd006dc3ce5501beb0c7db35bd37837,-0.9856602810405221,3.2794006980429206e-05,9.914441774352967e-06,0.3545515331588001,0.5347628928333057,0.050451271373222854,0.0382314291094162,0.007069863779224286,0.0382314291094162,0.10794732758458135,Pca2_1,Pca2_1,Pca2_1
PO_flip_T_pattern_preserving,28319570,69,8,8,1.0,-2.2737367544323206e-09,4a610d311058a12585535f4f07b96f680cf129c671e047a1816753b9467a461c,1cae09706663dc444402ae3a2031fc04b63d8aadb79300fb9de327c902d32f82,-0.9723681889823752,-4.73353455894554e-06,5.724739006868207e-07,0.31433542834206885,0.555236407394324,0.04867217416173584,,,,,Pca2_1,Pca2_1,Pca2_1
PO_flip_T_pattern_reversing,28319571,32,0,0,0.0,0.0,9ca4763619ddf018b079509b0680df696a3e6a9baa2c32ba7229b7ce863b3406,7fbc15372a83080085735f740cedc42f02475b7ec826f1c3e9ba8cf8e270841b,-0.9723681889823943,4.733534569095642e-06,5.724739225165809e-07,0.31433542834208195,0.5552364073943208,0.0486721741617357,,,,,Pca2_1,Pca2_1,Pca2_1
PO_flip_T_pattern_reversing,28319571,32,1,1,0.13120062354192946,11.340097379161307,7458c82335ec896f75a08f6067799f26e4ffb89670174ca5163978ba70f29440,c57f493b6188f14fbe1c20399f75f98ece0166a5e5c5efbd8f6b3fc0b1fd5618,-0.8518207229227346,-5.706482888581009e-06,-7.223899384900534e-06,0.27538491535382104,0.5264964231733323,0.040983390786197234,0.20000150790906768,0.08547691619649946,0.20000150790906768,,Pca2_1,Pca2_1,Pca2_1
PO_flip_T_pattern_reversing,28319571,32,2,2,0.2635906630965091,109.16426466837947,5b6b1826b83d93c6a16d1fdc76b863e43b267ff4743bb28f5e6cbd01760d3bd5,b4996be232ff358073b1ae9718456b62e7c2088801959c0870fdb23e5bc6909e,-0.5817590626951131,-1.5886557406624797e-05,-5.852333960124079e-06,0.159266490776296,0.4844706626553751,0.031387069103327635,0.19468373580164378,0.051672880453251045,0.19468373580164378,,Pca2_1,Pca2_1,Pca2_1
PO_flip_T_pattern_reversing,28319571,32,3,3,0.38447690542385565,299.1528859693062,f5b6b0b24b745e2b60c54cebd3a97fd2c4246de51b55d2f663e91ca1cec052e2,f56a27bf8b0f7ec5f70df802e55e7ceb707af4a09949209e0393597210b37fc9,-0.27597742046459794,-1.9071421470351496e-05,1.005028177542e-06,0.042147055051384795,0.4563082201363765,0.027299197044982123,0.07157376995258705,0.04096856783769237,0.07157376995258705,,Pca2_1,Pca2_1,Pca2_1
PO_flip_T_pattern_reversing,28319571,32,4,4,0.49999999999979083,394.06633348926334,371ad315b4bda05b78b6508537320292d4bbc235e00be8f574dcc900488ad169,bd3cf0e8c003b0cd0d19fc0bd970b15bd7331f2811dc783d2fa13f49bc130d6b,-6.3120970414010894e-15,1.0016074599518988e-14,-7.008282842946301e-15,1.0857317032819268e-28,0.4504498925155683,0.027042968807971524,0.04381215949291224,0.043163494980810964,0.04381215949291224,,Pbca,Pa-3,Pa-3
PO_flip_T_pattern_reversing,28319571,32,5,5,0.6155230945756802,299.1528859729442,8500508b49ca9fae55890e31022038037950c3f66e9b75ceaa7692924e52caa2,a5c525a4fbda29ec9d7a5023c6ddbafebf952a4db6b0ccf5ec5c0490c6899c1e,0.27597742046519064,1.9071422446083283e-05,-1.0050295123770203e-06,0.042147055051476895,0.45630852539711897,0.027299197044994956,0.07157376994473208,0.04096856783541497,0.07157376994473208,,Pca2_1,Pca2_1,Pca2_1
PO_flip_T_pattern_reversing,28319571,32,6,6,0.7364093369029249,109.16426466746998,39441dcc413f979591d001629412505d3b7b91f9e8eb36c274e05ee6558c34df,f2f0d411574b3e11e692f67ff6822fcddd743186aa902eb38c0a0bbc6c79cb55,0.5817590626949377,1.5886555220913757e-05,5.852333701289458e-06,0.15926649077570915,0.484468988435149,0.03138706910329146,0.19468373579630016,0.05167288046242762,0.19468373579630016,,Pca2_1,Pca2_1,Pca2_1
PO_flip_T_pattern_reversing,28319571,32,7,7,0.8687993764580171,11.340097376432823,3c1e2383f6a9ee1e5cf43649bf8da3759bb1d77c6e2184e973ffd78d43a2f11d,b85575a81d6e29d459db1d4cdae16a2bfef63abff2fbc2e747660134294071d6,0.8518207229231812,5.706483428372673e-06,7.2239003993113116e-06,0.2753849153545858,0.5264945215367106,0.040983390786215795,0.20000150790854926,0.08547691619965954,0.20000150790854926,,Pca2_1,Pca2_1,Pca2_1
PO_flip_T_pattern_reversing,28319571,32,8,8,1.0,0.0,c7977f0463e8efeb68baaf0e39f7b69f0e520755dbb9568c60cc072cc8a7bc5f,b875aadf6c3899425f0af7db94de8c2d872b9f6f896d01e483198564177bb916,0.9723681889823715,-4.733534554074437e-06,-5.724739383511368e-07,0.31433542834206624,0.5552365502929613,0.04867217416173584,,,,,Pca2_1,Pca2_1,Pca2_1
