image_index,generalized_arc_A,normalized_generalized_arc,energy_relative_PO_meV_fu,T_geometric_triplet_rank3_squared_fraction,T_optical_doublets_rank4_squared_fraction,Cmma_frame_103_rank4_squared_fraction,Cmma_frame_106_rank4_squared_fraction,Cmma_frame_114_rank4_squared_fraction,Cmma_frame_127_rank4_squared_fraction,Green_E_00_original_T,Green_E_11_original_T,Green_E_22_original_T,Green_E_01_original_T,Green_E_02_original_T,Green_E_12_original_T
0,0.0,0.0,0.0,0.2966319298740962,0.06787339868534173,0.5331886142915954,0.533189984112411,0.533189984112411,0.5331886142915954,0.0,-0.0020516511954167815,0.0,1.240939925405664e-07,1.1843154055563558e-22,-1.9085425162717626e-07
1,0.5614780482020671,0.14060356112212863,2.6072616369674506,0.3220154212845694,0.06398145230010772,0.5135741069695717,0.5135779666348776,0.5135779666348776,0.5135741069695717,0.0,-0.0005061146195326494,0.0,-0.0005026224671463936,-4.796876293795006e-19,0.00030216806014474727
2,1.2558444171417071,0.3144845962026302,63.190003920226445,0.5292306212974519,0.05434910488645419,0.4253218754650509,0.42537506702320543,0.42537506702320543,0.4253218754650509,0.0,0.002343918157905689,0.0,-0.010561463760611128,-1.007954050058307e-17,0.0003490706119400668
3,1.6039113886482075,0.4016464289038721,98.45812195362669,0.5792373469688469,0.12096171748001029,0.36474634494803887,0.36486488728306,0.36486488728306,0.36474634494803887,0.0,0.004111338799489439,0.0,-0.022989368451556517,-2.194035558352209e-17,0.00026396531751748145
4,1.8843702180775663,0.47187804399939226,91.01413771441003,0.4797286679654348,0.2046199195663212,0.3335655803928142,0.3337070779117748,0.3337070779117748,0.3335655803928142,0.0,0.007245526237316557,0.0,-0.034863721949102144,-3.32728782062978e-17,0.00019635545654356229
5,2.2005844470079077,0.5510634134140363,52.34153063793201,0.3634753215386065,0.2564394039119785,0.3328932658832485,0.3330320751815093,0.3330320751815093,0.3328932658832485,0.0,0.012340520014285428,0.0,-0.04910490723756337,-4.686423326322664e-17,0.00013245423328760113
6,2.891725966634919,0.7241368919054784,-37.166204060213204,0.2662165058569201,0.2567219810494393,0.4361965394219012,0.4363261249080596,0.4363261249080596,0.4361965394219012,0.0,0.021283693024592654,0.0,-0.07030208815942106,-6.709417945656455e-17,5.8415819608613314e-05
7,3.5658867995948222,0.8929581204232311,-87.1699234139669,0.2484922368806377,0.24506050118733397,0.5313085494995591,0.5314382332372897,0.5314382332372897,0.5313085494995591,0.0,0.01885199446580066,0.0,-0.0756163464801161,-7.216594632412485e-17,1.8856516124088157e-05
8,3.9933415890822697,1.0,-92.54049439232404,0.2443997899474907,0.24240927102626908,0.5635368293753329,0.5636667421120816,0.5636667421120816,0.5635368293753329,0.0,0.015509423995985316,0.0,-0.0752091109578331,-7.177729310018099e-17,-3.4463189373925624e-06
