image_index,s_normalized,s_generalized_A,energy_relative_T_meV_fu,Q_pattern_x_A,Q_pattern_y_A,Q_pattern_z_A,triplet_captured_fraction,triplet_residual_A,Gamma_optical_squared_norm_amu_A2,green_strain_xx,green_strain_yy,green_strain_zz,green_strain_yz,green_strain_xz,green_strain_xy,Gamma_group1_fraction,Gamma_group2_fraction,Gamma_other_fraction,NEB_atomic_max_vector_eV_A,NEB_cell_max_vector_eV_A
0,0.0,0.0,0.0,2.1225757500847884e-16,1.992388567228287e-16,0.8315753788192713,1.0,2.911175023537747e-16,0.0,0.0,0.0,0.0,7.528649080969544e-32,0.0,0.0,,,,,
1,0.15141972893641487,0.5632974734022297,-0.2424408312435844,-0.044093279839735225,-0.0005694831782945872,0.8639971043948484,0.881623254644813,0.317007019998196,4.837641545592559,0.0006535005455329257,0.0014527539750209817,0.0027673279160211894,0.014111861967976709,0.00012192688950450695,-0.0002691417249355451,0.00726899495637094,0.0034765002262553734,0.9892545048173736,0.056243747019518446,0.011563293719644424
2,0.22953101980069568,0.8538797713438193,16.344073385425872,-0.2335723258550457,-1.5518361748438096e-05,0.7181545434775528,0.9350102323377061,0.199097932437824,2.618795375081281,0.002140703147799128,0.0008749694910172856,-0.009238664364313809,0.00804059804669342,4.706460644181614e-06,-1.695835514481992e-06,0.35788225060342704,0.07859371435459725,0.5635240350419757,0.059881615690252875,0.03842981691259822
3,0.32127743006025067,1.1951861615740762,33.88897141439884,-0.4752500567011193,-7.362645569141489e-06,0.5069675683037204,0.9553920684674048,0.1501530871481575,5.908684469765098,0.009117706946389581,0.0010640139366305812,-0.021198007248690087,0.004295908934556588,3.050444764751813e-06,7.195129011404162e-07,0.6216112444054638,0.2853190886823301,0.0930696669122062,0.054123476959248795,0.042979989488267825
4,0.41306482236577785,1.5366450093679092,16.082101071333454,-0.678448297021549,-4.407858767929485e-06,0.24975730812447633,0.97849121888282,0.10718735512127268,13.038120992315482,0.021153063888926682,0.0004359262414762588,-0.028543688551165347,0.0017154371472980874,4.427742477441953e-06,5.395635054963999e-06,0.5390619957960446,0.41539675648231206,0.04554124772164325,0.03692806139183551,0.02377314038144422
5,0.49143500385132033,1.8281904079164577,0.24723015803829185,-0.8082440146012035,0.0001782865098868772,0.022274041629271706,0.9946897145196011,0.059077551021411344,21.034165265743,0.032852220276201716,-6.334696998622213e-07,-0.030610253069988047,-0.000535367269791011,6.546580808382442e-06,-3.441370123685964e-05,0.4470600208535039,0.49819450196649234,0.054745477180003776,0.05559342829174107,0.02135892209399867
6,0.6399889205359484,2.3808267553741644,-9.896853765894775,-0.880318677852719,2.7149249156745764e-07,0.015668889081105433,0.7340315240419099,0.5299884755621135,32.485248806079404,0.037852793245380933,0.0006092940385498125,-0.028495711248453126,0.004440893450689144,1.8270895662191562e-05,-3.6862253805338757e-06,0.34290488838304367,0.32786742812068115,0.3292276834962752,0.02138639887573146,0.00921986898079487
7,0.7614732644629496,2.8327614172090407,-51.98749557939664,-0.9468442761149586,-1.5178988237761113e-06,0.002617631836592693,0.49391560565411236,0.9584408517024144,55.305057024065626,0.041308362445489744,-0.0010478396032657655,-0.027493022193412042,0.0019013711402599835,-7.909049647259313e-06,-1.119296776636413e-06,0.23216632636608803,0.19879416873523265,0.5690395048986794,0.00780269422019596,0.00356940819708036
8,0.8771472884715101,3.263081071853601,-80.53996066291802,-0.972619460371686,-1.917159761993803e-05,6.7263220903945875e-06,0.3373241845893561,1.3632320120035144,81.29452935454201,0.03902188785547911,-0.004327428530079447,-0.029198933762468793,9.638598573991697e-05,7.631066289800181e-07,8.800062936496703e-08,0.1664657239085492,0.13609387944114035,0.6974403966503104,0.009314992196176838,0.0006578064768441841
9,1.0,3.720106206495543,-81.32119274705474,-0.9723681889823945,4.733534568202025e-06,5.724739220447361e-07,0.31433542834208184,1.43611735719551,86.11287680866099,0.038146201016216574,-0.005039860841414556,-0.02980683946294721,-9.288047862028993e-08,2.18662747546525e-06,7.094281879540588e-08,0.15705425538426876,0.12848080376365867,0.7144649408520726,,
